,ep,explo,year,biomass_g,blue,green,red,nir,nirb,re1,re2,re3,swir1,swir2
0,AEG01,ALB,2020,142.5,360,679,456,3967,3849,1046,3088,3638,1834,867
1,AEG02,ALB,2020,311,338,611.5,395,4608.5,4449,945.5,3236,4176,1752,776.5
2,AEG03,ALB,2020,89,405,743,551.5,3813,3725,1208.5,2986.5,3470,1990.5,982.5
3,AEG04,ALB,2020,113.5,316,637,370.5,4873.5,4746,1031,3510,4435.5,1885,852
4,AEG05,ALB,2020,94.5,353,645,434,4204,4026,1037,3107,3785,1963,906
5,AEG06,ALB,2020,104,322,585,401,3876,3725,948,2819,3489,1881,902
6,AEG07,ALB,2020,16.5,598,879.5,918.5,3437,3151.5,1508,2633,2994,2917,1628.5
7,AEG08,ALB,2020,15,618.5,961,930,3838.5,3633.5,1581,2996.5,3414.5,2778.5,1450
8,AEG09,ALB,2020,41,655,961,993,3439,3222,1545,2667,3002,2909,1633
9,AEG10,ALB,2020,44.5,571.5,899.5,907,3741.5,3555.5,1479.5,2851.5,3266.5,2759,1473.5
10,AEG11,ALB,2020,165,277,592,322,4489,4374,921,3302,4129,1660,719
11,AEG12,ALB,2020,101.5,389,681,539,3454,3360,1056,2642,3107,2067,1089
12,AEG13,ALB,2020,257.5,379,659,487,3994,3787,1048,2929,3567,2123,1051
13,AEG14,ALB,2020,128,395.5,746,522,4465.5,4238.5,1191,3393,4067,2032,957
14,AEG15,ALB,2020,234,276.5,571.5,297,4633.5,4495.5,939.5,3370.5,4235,1570,693.5
15,AEG16,ALB,2020,66.5,392.5,746.5,502.5,4131,3894,1198.5,3149,3687,2142,1020.5
16,AEG17,ALB,2020,97,450,834,610,4221,4077,1334,3319,3810,2207,1069
17,AEG18,ALB,2020,159.5,326,634.5,392.5,4522,4316.5,1021.5,3349.5,4139.5,1803,824
18,AEG19,ALB,2020,193.5,323,596,334,4827,4756,932,3395,4421,1799,779
19,AEG20,ALB,2020,65,317,771,431,5078,4815,1262,3817,4550,2107,943
20,AEG21,ALB,2020,97,336,634,432.5,3833.5,3660.5,999,2927,3487,1895.5,900.5
21,AEG22,ALB,2020,56,578,916,817,4251,3882,1486,3298,3782,2643,1335
22,AEG23,ALB,2020,,399.5,750,525.5,3979,3817.5,1244,2973.5,3508,2255,1115
23,AEG24,ALB,2020,177.5,328,670.5,393.5,4572,4490.5,1076,3465.5,4230,1825,833.5
24,AEG25,ALB,2020,5.5,551.5,846.5,846,3470.5,3200,1415.5,2653.5,3037,2701,1456
25,AEG26,ALB,2020,11,533,812,807,3266,3039,1405,2511,2850,2654,1441
26,AEG27,ALB,2020,13,598.5,888.5,895.5,3342.5,3160.5,1470,2617,2957,2644.5,1473.5
27,AEG28,ALB,2020,22.5,666,1014.5,1046.5,3695,3511.5,1679.5,2904.5,3264,3087,1719
28,AEG29,ALB,2020,14.5,484,859,730,3974,3771,1410,3093,3506,2582,1302
29,AEG30,ALB,2020,133.5,314,655,383,4338,4311,1099,3335,3961,1863,838
30,AEG31,ALB,2020,58,446.5,761.5,625.5,3692.5,3584.5,1264.5,2864.5,3330,2348,1241.5
31,AEG32,ALB,2020,66.5,622,976,985,3702,3524,1576,2861,3263,2700,1493
32,AEG33,ALB,2020,33.5,512,835,777,3610.5,3390.5,1401,2739.5,3164,2796,1450.5
33,AEG34,ALB,2020,27.5,483,869,670,4107.5,3935,1432,3237,3699.5,2602,1315.5
34,AEG35,ALB,2020,213,290,548,331,4062,3889,897,2930,3666,1739,787
35,AEG36,ALB,2020,280.5,304,589,335,4416,4274,920,3222,4031,1652,715
36,AEG37,ALB,2020,191.5,361,631,393,4435,4373,970,3238,4050,1899,851
37,AEG38,ALB,2020,62,332,616,495,3226,3072,1011,2456,2898,1932,1054
38,AEG39,ALB,2020,275,337,629,347,4891,4795,978,3564,4478,1747,746
39,AEG40,ALB,2020,105.5,423.5,764,575,3813,3660.5,1202,3024.5,3497,1978.5,1000.5
40,AEG41,ALB,2020,189.5,333.5,639.5,407.5,4231,4122,986.5,3199.5,3909.5,1838.5,863.5
41,AEG42,ALB,2020,116.5,373,719,485,4207,3981,1154,3184,3795,2005,1002
42,AEG43,ALB,2020,152.5,376,721.5,482.5,4268,4144.5,1173,3294.5,3918,1930.5,920.5
43,AEG44,ALB,2020,38.5,388,729,516,4010,3841,1111.5,3072,3634.5,1863.5,868.5
44,AEG45,ALB,2020,127.5,384,769.5,503,4003,4093,1186,3197,3739,1922.5,961
45,AEG46,ALB,2020,77,347,683,406.5,4615,4464,1074,3431,4231,1859.5,836
46,AEG47,ALB,2020,20,659,965,988,3399,3222,1557,2648,2986,2950,1671
47,AEG48,ALB,2020,9,636.5,904.5,936.5,2856,2639,1378,2232.5,2508.5,2806,1700.5
48,AEG49,ALB,2020,37.5,575.5,957.5,907,4044,3822.5,1612.5,3098.5,3546,2950.5,1539
49,AEG50,ALB,2020,202,360,638,408,3987,3867,1031,3061,3708,1771,884
50,HEG01,HAI,2020,83.025,538.5,873,750.5,3727,3478.5,1350,2774,3244,2509,1324
51,HEG02,HAI,2020,31.825,513,844,778,3367,3217,1374,2671,3033,2384,1329
52,HEG03,HAI,2020,45.025,505.5,853,745.5,3419.5,3223.5,1338,2693.5,3064,2350.5,1270.5
53,HEG04,HAI,2020,83.775,315,582,361,3657,3505,894,2682,3286,1662,785
54,HEG05,HAI,2020,40.675,495,796,682.5,3664.5,3542.5,1280,2848,3332.5,2300.5,1254
55,HEG06,HAI,2020,112.05,363,651,438.5,3930.5,3773,1104.5,3018,3571,2101.5,1068.5
56,HEG07,HAI,2020,45.425,457,801,689,3864,3562,1413,3080,3478,2273,1181
57,HEG08,HAI,2020,24.775,387,748,545,3993,3905,1311,3149,3617,2123,1079
58,HEG09,HAI,2020,48.525,541,848,818,3282,3082,1363,2558,2900,2621,1455
59,HEG10,HAI,2020,71.475,379.5,688,508.5,3344.5,3178,1093.5,2545,2976.5,2086.5,1064.5
60,HEG11,HAI,2020,71.675,495,830,772,3222,3191,1331,2532,2883,2154,1206
61,HEG12,HAI,2020,51.125,359,664.5,442,4206,4070,1066.5,3099,3857,2146,1055.5
62,HEG13,HAI,2020,171,553.5,961,851,3721.5,3596.5,1345,2869,3330.5,2239,1262.5
63,HEG14,HAI,2020,99.775,418,732,521,4159,3980,1150,3132,3768,2205,1072
64,HEG15,HAI,2020,37.475,393,694.5,516,4107,3956.5,1102,3112.5,3739,2102.5,1008.5
65,HEG16,HAI,2020,16.425,490,792,694,3262,3029,1327,2612,2938,2315,1289
66,HEG17,HAI,2020,39.175,517.5,851,750.5,3434.5,3271.5,1393,2716.5,3066,2480.5,1372
67,HEG18,HAI,2020,25.975,486.5,837,712,3527,3341,1380,2768.5,3151,2467,1329
68,HEG21,HAI,2020,62.475,464.5,792,676.5,3498.5,3363.5,1325,2717.5,3126,2464,1306.5
69,HEG19,HAI,2020,69.175,454,776,638,3657,3403,1267,2805,3254,2306,1170
70,HEG20,HAI,2020,34.575,504,820,744,3489,3301,1341,2724,3115,2389,1294
71,HEG22,HAI,2020,149.05,340,679,471.5,4016.5,3849.5,1143,3017,3613,2054,1010
72,HEG23,HAI,2020,50.775,527.5,821.5,734.5,3526,3355.5,1311,2678,3117.5,2257,1177
73,HEG24,HAI,2020,62.475,432,775,580,3733,3572,1211,2909,3399,2152,1124
74,HEG25,HAI,2020,28.875,535.5,840.5,873.5,3145,2960,1388,2423,2774,2634,1486
75,HEG26,HAI,2020,37.775,538,840,796,3357,3129.5,1369,2578.5,2961.5,2457.5,1336
76,HEG27,HAI,2020,205.7,319.5,604.5,412,3743,3577,1016.5,2820.5,3397,1935.5,942.5
77,HEG28,HAI,2020,31.425,489,775,716,3600,3382,1266.5,2716.5,3195,2422,1271
78,HEG29,HAI,2020,96.125,448.5,704.5,687.5,3475,3262,1146,2562,3065.5,2336,1201.5
79,HEG30,HAI,2020,67.775,430,717,619,3527,3356,1152,2716,3156,2346,1251
80,HEG31,HAI,2020,15.725,555.5,885.5,917,3400,3161.5,1476,2606.5,2962.5,2753.5,1527
81,HEG32,HAI,2020,322.875,309,607,340,4381,4256,989,3220,4023,1695,757
82,HEG33,HAI,2020,166.45,272,540,315,4109,3948,878,2941,3692,1643,730
83,HEG34,HAI,2020,86.5,365,682,475,3803,3653,1081,2920,3469,2033,1004
84,HEG35,HAI,2020,233.275,297.5,646,367.5,4770.5,4612,1001,3533,4454.5,1642,738.5
85,HEG36,HAI,2020,126.05,562.5,908,879.5,3374,3204,1485,2638,3001,2740.5,1556
86,HEG37,HAI,2020,69.425,337,626,434,4029,3869,1045,2967,3618,2024,934
87,HEG38,HAI,2020,70.925,411.5,772.5,566.5,4025,3812.5,1304,3075,3607,2231,1147
88,HEG39,HAI,2020,63.2125,433,823,551,4381,4160,1294,3365,3978,2195,1108
89,HEG40,HAI,2020,93.625,431,745.5,567,3375,3187,1150,2628.5,3043,2134.5,1111.5
90,HEG41,HAI,2020,31.225,585,882,870,3335,3134,1426,2604,2978,2670,1554
91,HEG42,HAI,2020,13.075,576,886,878,3238,3070,1448,2536,2853,2732,1529.5
92,HEG43,HAI,2020,63.575,547,848,812,3290,3077,1407,2606,2935,2668,1510
93,HEG44,HAI,2020,12.175,532.5,808,839.5,3240.5,3067.5,1378,2498,2854,2763.5,1510.5
94,HEG45,HAI,2020,46.075,447.5,780.5,650,3519.5,3370,1290.5,2761,3167.5,2368,1218.5
95,HEG46,HAI,2020,22.525,536,838,869,2999.5,2875,1370,2333,2652,2784,1552
96,HEG47,HAI,2020,71.075,466.5,800,688.5,3599.5,3457.5,1273,2783,3231.5,2224,1144.5
97,HEG48,HAI,2020,88.3125,503,845,722,3776,3561,1384,2938,3392,2415,1239
98,HEG49,HAI,2020,101.075,407,768.5,563.5,3904.5,3720.5,1284.5,3028,3514,2163,1057.5
99,HEG50,HAI,2020,47.275,510.5,831.5,724.5,3706.5,3527.5,1394.5,2861.5,3316.5,2308,1194.5
100,SEG01,SCH,2020,272.15,294.5,552.5,363.5,3931.5,3858,941,2788,3481.5,1615.5,748
101,SEG02,SCH,2020,146.4,287,605,332.5,4691.5,4509,1002.5,3369,4260.5,1755.5,810.5
102,SEG03,SCH,2020,290.9,346.5,624,375.5,4709,4544.5,927.5,3219,4257.5,1832,850
103,SEG04,SCH,2020,285.8,278.5,557.5,325,4409,4207,899,3118.5,3969.5,1669.5,798
104,SEG05,SCH,2020,230.5,342.5,668.5,415.5,4979.5,4748.5,1116.5,3484,4431.5,2015.5,933
105,SEG06,SCH,2020,149.6,334,653,383,4979,4915,1053,3522,4455,2134,953
106,SEG07,SCH,2020,284.5,319.5,627.5,326,5312.5,5197.5,958,3666.5,4920,1760.5,793.5
107,SEG08,SCH,2020,246.95,344,710,384,4794,4614,1139,3491,4335,1895,891
108,SEG09,SCH,2020,86.45,344,680,440,4492,4156,1097,3231,3971,2141,995
109,SEG10,SCH,2020,197.8,417,723,579,4412,4169,1163,3163,3932,2339,1158
110,SEG11,SCH,2020,183.5,387,699.5,442.5,4496,4444,1040,3234.5,4058.5,2116,1016.5
111,SEG12,SCH,2020,213.35,318,634,399,4673,4479,1135,3315,4143,1803,823
112,SEG13,SCH,2020,233.8,469,801,738,3599,3418,1322,2737,3180,2565,1431
113,SEG14,SCH,2020,180.2,272,594.5,361.5,4522.5,4347,1064,3142,3908,1904.5,860.5
114,SEG15,SCH,2020,172.75,393.5,735.5,556.5,4208.5,4058.5,1215.5,3074.5,3718.5,2085.5,1029.5
115,SEG16,SCH,2020,321.35,299,580,318,4978,4800,916,3497,4566,1765,820
116,SEG17,SCH,2020,31.4,433,736,607,3849,3669,1197,2844,3363,2496,1296
117,SEG18,SCH,2020,145.85,390.5,683.5,565,3547,3336.5,1183,2651.5,3122,2041,1022.5
118,SEG19,SCH,2020,227.15,348,670,413,4838,4625,1027,3415,4452,1903,906
119,SEG20,SCH,2020,142.95,404,728,537,4280,4047.5,1201,3119,3754.5,2549,1248.5
120,SEG21,SCH,2020,99.35,362,670,505,4023,3829,1063,2849,3493,2235,1084
121,SEG22,SCH,2020,254.95,287,654.5,335.5,4675,4481,1076.5,3427.5,4241.5,1602,715.5
122,SEG23,SCH,2020,145.55,377,677,552,4260,3999,1212,2972,3649,2195,1064
123,SEG24,SCH,2020,130.45,312,570.5,493.5,3657,3404,1055,2572.5,3116.5,1986,948.5
124,SEG25,SCH,2020,83.45,340,629,434.5,4191.5,3913.5,1057.5,2995.5,3640.5,2078,990
125,SEG26,SCH,2020,95.1,448,806,609,4276.5,4058,1361.5,3227,3783,2119.5,1076
126,SEG27,SCH,2020,33.05,356,626.5,568,3771.5,3488.5,1097,2623,3207.5,2299,1136.5
127,SEG28,SCH,2020,196,429,766,593,4226,3997,1246,3068,3712,2265,1149
128,SEG29,SCH,2020,148,291.5,610.5,355.5,4507,4326,1046,3279,4052.5,1744.5,785
129,SEG30,SCH,2020,158.7,341,654,502,3713,3551.5,1116.5,2806,3364.5,1863,951.5
130,SEG31,SCH,2020,154.4,321,628,466,3700,3502,1064,2773,3323,1903,931
131,SEG32,SCH,2020,166.2,312,621,453,3658.5,3561,1070.5,2771.5,3306,1805,906
132,SEG33,SCH,2020,165.5,397,816,519,4333,4145,1340,3304,3881,2288,1133
133,SEG34,SCH,2020,138.45,373,757,487,4136,4002,1301,3232,3736,2158,1041
134,SEG35,SCH,2020,131.65,452,797,670,3723,3550,1353,2860,3316,2474,1352
135,SEG36,SCH,2020,243.4,372.5,765,458.5,4649.5,4534,1283,3571,4208.5,2159,1017
136,SEG37,SCH,2020,68.15,425,752,719,3467,3278,1340,2619,3029,2271,1253
137,SEG38,SCH,2020,59.25,620,912,952,3078,2889,1452,2421,2719,2783,1867
138,SEG39,SCH,2020,76.4,487,835,754,3458,3278,1392,2696,3079,2556,1438
139,SEG40,SCH,2020,188.4,344,610,444,4220,4064,1065,3010,3787,1801,872
140,SEG41,SCH,2020,377.1,416,780,565,4540,4349,1295,3324,4056,2093,1033
141,SEG42,SCH,2020,121.1,385,690,521,3712,3568,1150,2799,3328,2112,1099
142,SEG43,SCH,2020,176,458.5,757.5,657,3368.5,3132.5,1231.5,2527.5,2952.5,2539.5,1395.5
143,SEG44,SCH,2020,126.95,443.5,789,621,3692,3488,1280.5,2786,3258,2405.5,1243
144,SEG45,SCH,2020,88.4,397.5,729,511,3573,3441,1182.5,2795,3231,2099,1083
145,SEG46,SCH,2020,173.85,510.5,853,716,3921.5,3695.5,1358,2984,3498,2490,1372.5
146,SEG47,SCH,2020,194.25,410.5,772,592.5,3962,3754.5,1275,3044,3553,2337,1201
147,SEG48,SCH,2020,26,482.5,806,760,3398,3218,1356,2611.5,2987,2580.5,1461.5
148,SEG49,SCH,2020,55.05,459,794.5,665.5,3608.5,3394,1320.5,2784.5,3215,2316,1271
149,SEG50,SCH,2020,80.6,349,648.5,445.5,4055,3865.5,1095.5,2994.5,3635.5,1906,898
150,AEG01,ALB,2018,197.5,363,703,471,4594,4427,1079,3440,4195,2102,962
151,AEG02,ALB,2018,213,341.5,671.5,407,4756,4607,959.5,3388,4421.5,1931.5,865.5
152,AEG03,ALB,2018,119,398.5,733,508.5,4100,3994.5,1143,3195,3783,2080,1009
153,AEG04,ALB,2018,299.5,336,690.5,380,5535.5,5463.5,1048,3944,5153.5,1973.5,879
154,AEG05,ALB,2018,206.5,329,612,348,4528,4426,904,3283,4229,1774,788
155,AEG06,ALB,2018,222.5,354,618,416,4153,3978,942,2952,3775,2013,910
156,AEG07,ALB,2018,19.5,571.5,880,841,3702,3415.5,1450.5,2856.5,3261,2812.5,1495.5
157,AEG08,ALB,2018,205,577,900,809.5,3794.5,3552.5,1390,2918,3415.5,2416.5,1235
158,AEG09,ALB,2018,46,627,935,906,3465,3281,1438,2685,3076,2689,1446
159,AEG10,ALB,2018,73,422.5,762,586,4158.5,3967.5,1221,3162,3742,2384,1163.5
160,AEG11,ALB,2018,224,292,600,303,5143,5055,896,3650,4750,1708,753
161,AEG12,ALB,2018,231,389,709,461,4489,4333,1086,3385,4125,2091,974
162,AEG13,ALB,2018,190.5,355,657,400,5146,5104,999,3660,4704,2115,951
163,AEG14,ALB,2018,244.5,381.5,741.5,464,4898,4716,1086.5,3643,4525.5,1992.5,881
164,AEG15,ALB,2018,283,291.5,595.5,285,5543.5,5443,918.5,3889,5202,1854.5,804
165,AEG16,ALB,2018,231.5,350,682.5,428.5,4262.5,4090.5,1028.5,3255,3963,1810,807.5
166,AEG17,ALB,2018,207,433,804,554,4515,4291,1213,3479,4135,2195,1012
167,AEG18,ALB,2018,210,365.5,754.5,456,4930,4727,1128,3758,4592.5,1889.5,833
168,AEG19,ALB,2018,273.5,462,812,627,4868,4668,1342,3532,4340,2856,1369
169,AEG20,ALB,2018,283,343,770,397,5151,4903,1222,3823,4675,2291,1047
170,AEG21,ALB,2018,198,343.5,694,458.5,4283,4054.5,1069.5,3221,3902.5,2103,980
171,AEG22,ALB,2018,119.5,464,808,575,4757,4375,1275,3663,4349,2314,1060
172,AEG23,ALB,2018,265,302.5,626.5,362,4719,4578.5,984.5,3497.5,4343.5,1848.5,800.5
173,AEG24,ALB,2018,268,316,691,410.5,5164,5080,1046.5,3775.5,4832,1877.5,815.5
174,AEG25,ALB,2018,33.5,540,845.5,829,3493,3194,1361,2654.5,3071,2698,1484
175,AEG26,ALB,2018,50,515,836,768,3546,3314,1404,2729,3129,2659,1385
176,AEG27,ALB,2018,64.5,665,1023.5,974.5,3824,3645,1598.5,3007.5,3417.5,2789,1505
177,AEG28,ALB,2018,69.5,561,915,800,3891.5,3721,1440,3036,3511,2748.5,1422
178,AEG29,ALB,2018,71,405,763,579,3992,3808,1220,3097,3603,2324,1141
179,AEG30,ALB,2018,210.5,303,619,362,4309,4171,1009,3262,3971,1784,790
180,AEG31,ALB,2018,122,490,801.5,677,3724,3644.5,1252,2888,3391.5,2378,1207.5
181,AEG32,ALB,2018,81.5,412,741,524,4210,4088,1160,3203,3865,2117,990
182,AEG33,ALB,2018,78,459,817,680.5,4003,3846.5,1344.5,3036,3590,2684,1349
183,AEG34,ALB,2018,103,425,753.5,567.5,4087.5,3855.5,1238,3140.5,3692.5,2468.5,1214.5
184,AEG35,ALB,2018,227.5,304,598,311,4743,4614,939,3433,4379,1806,801
185,AEG36,ALB,2018,133.5,279,582,317,4481,4339,945,3274,4131,1736,772
186,AEG37,ALB,2018,363,368,664,414,4733,4554,1012,3473,4303,2088,939
187,AEG38,ALB,2018,138,318,607,368,4540,4369,967,3311,4157,1728,777
188,AEG39,ALB,2018,383.5,338,633,394,4486,4324,914,3244,4136,1684,747
189,AEG40,ALB,2018,181,366,694,454.5,4265.5,4179.5,1069,3294,3961,1930.5,915.5
190,AEG41,ALB,2018,266.5,335.5,656,383,4811,4722.5,953.5,3490,4491,1800.5,785
191,AEG42,ALB,2018,230,403,731,480,4401,4186,1112,3278,4003,2040,1024
192,AEG43,ALB,2018,100,385.5,754.5,482,4886.5,4763,1168,3757.5,4516.5,2074,943
193,AEG44,ALB,2018,231.5,345.5,683.5,444.5,4650.5,4302,1042.5,3413.5,4239,1861,830.5
194,AEG45,ALB,2018,252.5,357,710,449.5,4406,4411.5,1008.5,3377,4196,1547.5,699
195,AEG46,ALB,2018,219,399.5,748,442.5,4410,4225,1139,3369,4057,2024.5,917.5
196,AEG47,ALB,2018,12,629,974,897,3728,3539,1526,2908,3300,2890,1575
197,AEG48,ALB,2018,6.5,645.5,909.5,907.5,2902,2689,1344.5,2258.5,2570.5,2684.5,1575.5
198,AEG49,ALB,2018,93.5,455.5,788.5,628,4318,4134.5,1292.5,3205.5,3876,2569,1218
199,AEG50,ALB,2018,375,328,657,348,4981,4928,1000,3733,4689,1720,760
200,HEG01,HAI,2018,128.9,374.5,751,469.5,4089.5,3909,1160.5,3109.5,3706,2070,1006
201,HEG02,HAI,2018,100.95,427,811,601,3876,3732,1344,3031,3466,2338,1187
202,HEG03,HAI,2018,86.8,402.5,781.5,540.5,3970.5,3763,1255.5,3096,3600.5,2170,1037
203,HEG04,HAI,2018,,440,740,648,3468,3303,1181,2560,3077,2234,1226
204,HEG05,HAI,2018,221.8,358,670,399.5,4481.5,4314.5,1039.5,3345.5,4167.5,1724.5,794.5
205,HEG06,HAI,2018,193.9,338,687,416.5,4217.5,4152,1124,3231,3906,1907.5,946.5
206,HEG07,HAI,2018,122.45,418,758,575,3853,3588,1252,3064,3532,2120,1095
207,HEG08,HAI,2018,200.3,322,672,353,4502,4393,1059,3408,4151,1709,747
208,HEG09,HAI,2018,61.05,443,807,616,3944,3725,1260,3025,3576,2220,1129
209,HEG10,HAI,2018,185.2,357,683.5,470,4049.5,3866.5,1080.5,2962.5,3619,1993.5,952
210,HEG11,HAI,2018,97.8,424,753,637,3526,3346,1232,2714,3163,2163,1122
211,HEG12,HAI,2018,190.05,428,778.5,585,3718.5,3573,1260.5,2873,3362.5,2507,1345.5
212,HEG13,HAI,2018,322.7,565,961.5,824,4409.5,4201.5,1356,3297.5,4002.5,2305.5,1292.5
213,HEG14,HAI,2018,176.45,317,632,381,4638,4412,996,3351,4268,1899,871
214,HEG15,HAI,2018,204,334,678,425,4759.5,4609.5,1013.5,3472,4346,2021.5,903.5
215,HEG16,HAI,2018,83.36,443,782,649,3169,3035,1183,2586,2937,2154,1228
216,HEG17,HAI,2018,36.35,411,765,536.5,3878.5,3706.5,1228,3067.5,3539.5,2101.5,1030.5
217,HEG18,HAI,2018,75.65,405,740.5,539.5,3671,3503.5,1165.5,2808.5,3297,2057,1033
218,HEG19,HAI,2018,13.1,353,689,445,4034,3776,1052,3068,3706,1909,903
219,HEG20,HAI,2018,87.7,428,770,516,4294,4139,1185,3307,3950,1997,972
220,HEG21,HAI,2018,150.6,380,767.5,508,4136,4051,1258,3222.5,3798.5,2184,1057.5
221,HEG22,HAI,2018,240.7,377.5,716,513.5,4596.5,4438,1191,3352.5,4177.5,2202,1077.5
222,HEG23,HAI,2018,115,384.5,731,506.5,3998,3799.5,1187.5,3069.5,3614,2037,971.5
223,HEG24,HAI,2018,162.35,324,666,355,4461,4337,1030,3398,4168,1869,869
224,HEG25,HAI,2018,131.3,345,657.5,466,3830.5,3639,1094.5,2893,3453,1983,952
225,HEG26,HAI,2018,235.2,436.5,781.5,548.5,3927.5,3736.5,1198,3005.5,3557.5,1973,987.5
226,HEG27,HAI,2018,193.5,366.5,714.5,481.5,3938.5,3724.5,1139.5,3021.5,3604.5,2035.5,974
227,HEG28,HAI,2018,63.85,423.5,745,579.5,3495,3335.5,1187,2753,3161.5,2203.5,1131
228,HEG29,HAI,2018,42.45,456.5,785,653,3359,3186.5,1241.5,2658,3031.5,2330.5,1233
229,HEG30,HAI,2018,157.75,377,666,442,4213,4008,1055,3173,3843,1894,896
230,HEG31,HAI,2018,117.8,387,697.5,482,4092.5,3917.5,1141.5,3106.5,3708,2036,969.5
231,HEG32,HAI,2018,274.45,361,697,486,4464,4225,1104,3238,4036,2108,1034
232,HEG33,HAI,2018,,324,620,435,3901,3707,997,2864,3501,2058,980
233,HEG34,HAI,2018,164.65,308,657,379,4219,4134,1050,3205,3934,1812,879
234,HEG35,HAI,2018,274.05,333,679.5,406.5,4958,4830,1078.5,3613,4582,1808.5,886.5
235,HEG36,HAI,2018,,416.5,782,599.5,3787.5,3640.5,1287,2940.5,3426.5,2365.5,1211
236,HEG37,HAI,2018,155.85,303,617,364,4448,4258,1008,3259,4087,1828,809
237,HEG38,HAI,2018,134.15,340.5,692.5,407,4781.5,4647,1147,3628,4427.5,1964.5,920.5
238,HEG39,HAI,2018,83,373,773,450,4454,4225,1223,3439,4105,2068,1002
239,HEG40,HAI,2018,214.9,337,693.5,376.5,4337.5,4170,1050,3329.5,3981,1956.5,883
240,HEG41,HAI,2018,125.6,544,905,763,3663,3466,1441,2893,3316,2543,1402
241,HEG42,HAI,2018,64.65,432.5,815,587.5,3943.5,3762,1311.5,3106,3569.5,2339,1171.5
242,HEG43,HAI,2018,104.65,443,804,592,3964,3770,1269,3085,3603,2277,1124
243,HEG44,HAI,2018,46.75,457.5,770,644.5,3651.5,3524,1228,2840,3310.5,2303,1162
244,HEG45,HAI,2018,64.55,386.5,751.5,481.5,4322.5,4134.5,1201,3382.5,3986.5,2105.5,958.5
245,HEG46,HAI,2018,76.3,483,822,750.5,3494,3292.5,1345.5,2704,3109,2572,1303.5
246,HEG47,HAI,2018,222.55,390,728,435.5,4721.5,4650.5,1072,3539.5,4405.5,1857.5,907.5
247,HEG48,HAI,2018,198,346,643,430,3887,3621,1047,2937,3546,1838,885
248,HEG49,HAI,2018,190.15,379.5,722,430,4691,4540,1091,3569,4395,1808,855
249,HEG50,HAI,2018,238.2,334.5,662.5,408,4092,3969.5,1099.5,3131.5,3742.5,1906.5,902.5
250,SEG01,SCH,2018,154.7,457.5,818.5,680.5,3902.5,3767,1355,2925.5,3438.5,2620,1392.5
251,SEG02,SCH,2018,351.2,264,582.5,305.5,4893,4737.5,985.5,3433.5,4425.5,1768,768
252,SEG03,SCH,2018,269.45,283,598.5,343,4122,3998.5,980,3132,3839,1887,873
253,SEG04,SCH,2018,367.45,412.5,727.5,548,4312.5,4110,1097.5,3113,3891.5,2156,1045
254,SEG05,SCH,2018,305.85,316.5,670.5,417.5,4656,4427.5,1230.5,3337,4098,1973.5,914
255,SEG06,SCH,2018,356.1,292,664,378,4576,4370,1119,3290,4022,2230,1031
256,SEG07,SCH,2018,347.45,322,729.5,363,5236.5,5158,1196.5,3905.5,4854.5,1875,853
257,SEG08,SCH,2018,424.4,316,697,397,4553,4339,1168,3390,4147,1880,870
258,SEG09,SCH,2018,538.55,332,724,430,4436,4101,1187,3296,3959,2240,1056
259,SEG10,SCH,2018,422.4,458,816,668,4495,4321,1337,3303,4048,2259,1157
260,SEG11,SCH,2018,668.9,305,627,358,4720.5,4671.5,1027,3422.5,4334.5,1798.5,823.5
261,SEG12,SCH,2018,410.65,387,730,514,4041,3883,1161,2981,3623,2086,1035
262,SEG13,SCH,2018,420.75,367,708,458,4844,4710,1188,3590,4437,1787,854
263,SEG14,SCH,2018,179.4,351.5,756.5,459.5,4366.5,4204.5,1225,3308.5,3951,2192,1046.5
264,SEG15,SCH,2018,483.75,299,652,396,4562,4420,1104.5,3318,4104,1828.5,828.5
265,SEG16,SCH,2018,492.55,366,674,443,4776,4615,1026,3498,4418,2035,961
266,SEG17,SCH,2018,485.55,378,732,502,4145,3998,1187,3088,3666,2431,1222
267,SEG18,SCH,2018,327.75,334.5,669.5,470.5,3944.5,3716.5,1143,2921,3505,1895.5,904
268,SEG19,SCH,2018,438.45,268,589,329,4339,4064,994,3166,3942,1619,737
269,SEG20,SCH,2018,325.2,298.5,647,365.5,4647.5,4477,1043.5,3416.5,4216.5,2094.5,947.5
270,SEG21,SCH,2018,598.3,376,701,528,3887,3724,1112,2850,3424,2440,1218
271,SEG22,SCH,2018,367.6,271,644,313.5,4396.5,4252,1043.5,3323.5,4054,1746.5,794
272,SEG23,SCH,2018,177.75,471,789,698,3763,3523,1306,2693,3240,2694,1444
273,SEG24,SCH,2018,157.25,365.5,685.5,615.5,3767,3520.5,1152,2710,3264.5,2285.5,1112.5
274,SEG25,SCH,2018,178.6,359,720,500.5,3911.5,3841,1190,2956.5,3455.5,2122.5,1026
275,SEG26,SCH,2018,80.85,485.5,889.5,724.5,4118,3938.5,1478,3083.5,3601.5,2704.5,1352
276,SEG27,SCH,2018,186.25,351.5,643.5,531.5,3836,3633,1144.5,2741.5,3318.5,2377.5,1214
277,SEG28,SCH,2018,180.1,464,855,653,3915,3751,1393,3007,3491,2512,1288
278,SEG29,SCH,2018,169.95,488.5,843,714,3813.5,3605,1291.5,2904.5,3436,2420.5,1237
279,SEG30,SCH,2018,402.5,404.5,758,637.5,3568,3366,1291,2748,3183,2267,1191.5
280,SEG31,SCH,2018,351.15,333,668,424,4118,3947,1098,3115,3770,1990,944
281,SEG32,SCH,2018,296.5,366,729.5,530.5,3797.5,3683,1226,2921,3431,2126,1070.5
282,SEG33,SCH,2018,431.3,373,718,456,4232,3942,1157,3256,3853,2215,1094
283,SEG34,SCH,2018,529.1,424,816,562,4265,4206,1341,3255,3847,2334,1198
284,SEG35,SCH,2018,355.95,433,785,616,4100,3880,1296,3104,3674,2435,1277
285,SEG36,SCH,2018,362.15,327,680,380.5,4450.5,4305,1101,3346.5,4034,2135.5,988
286,SEG37,SCH,2018,206.3,383,698,603,3605,3387,1163,2674,3165,2245,1136
287,SEG38,SCH,2018,240.55,593,874,972,3039,2842,1380,2327,2672,2900,1956
288,SEG39,SCH,2018,197.4,380,734,573,3716,3549,1222,2879,3364,2189,1153
289,SEG40,SCH,2018,488.65,314,594,383,4535,4345,970,3155,4103,2231,1109
290,SEG41,SCH,2018,430.5,285,604,313,5080,4844,961,3643,4704,1800,815
291,SEG42,SCH,2018,769.35,436,708,621,3273,3166,1124,2484,2948,2475,1444
292,SEG43,SCH,2018,502.7,438.5,778,639,3864,3683,1285,2867.5,3444,2496,1334.5
293,SEG44,SCH,2018,345.4,391,772.5,488,5143,4982,1236,3772.5,4764,2032,979.5
294,SEG45,SCH,2018,297.35,315,641,336.5,4803.5,4784,1016,3556.5,4473,1720.5,765.5
295,SEG46,SCH,2018,429.25,420.5,741.5,607,3722,3492,1187.5,2877.5,3360.5,2345,1281
296,SEG47,SCH,2018,825.3,397,784.5,528,4653.5,4498.5,1282,3449,4169,2257,1124
297,SEG48,SCH,2018,182.95,403,740.5,625,3421.5,3268.5,1243,2627,3026.5,2533.5,1401.5
298,SEG49,SCH,2018,344.95,337,702,402,4790.5,4625.5,1098,3514,4387.5,1842,868
299,SEG50,SCH,2018,373.05,315,639.5,375.5,4553,4389.5,1016.5,3286,4122,1906.5,865
300,AEG01,ALB,2019,151.5,357,709,475,4170,3980,1174,3216,3801,2134,1036
301,AEG02,ALB,2019,257.5,359,664,412.5,4643.5,4502.5,1058.5,3352,4263,2023,962
302,AEG03,ALB,2019,83.5,406,757.5,557,3840.5,3741.5,1262,3035.5,3510.5,2110,1068.5
303,AEG04,ALB,2019,210.5,354.5,721,416.5,5377,5185.5,1175.5,3935,4937,2073,932.5
304,AEG05,ALB,2019,134.5,325,649,370,4867,4657,1074,3612,4487,1992,893
305,AEG06,ALB,2019,217.5,303,567,332,4097,3947,893,2997,3775,1659,749
306,AEG07,ALB,2019,5,514.5,810.5,772.5,3272.5,3084,1399.5,2571.5,2908,2832.5,1619.5
307,AEG08,ALB,2019,60.5,483.5,809.5,683.5,3856.5,3662,1391,3027.5,3494,2491.5,1255.5
308,AEG09,ALB,2019,76,541,846,791,3483,3287,1387,2753,3137,2633,1407
309,AEG10,ALB,2019,62,465.5,796,681.5,3881,3685.5,1289,2951,3434,2551.5,1325.5
310,AEG11,ALB,2019,14.5,310,657,357,4461,4350,1065,3326,4066,1957,897
311,AEG12,ALB,2019,116.5,385,726,489,4100,3898,1146,3158,3714,2177,1054
312,AEG13,ALB,2019,234,324,641,389,4981,4858,1050,3597,4576,1988,913
313,AEG14,ALB,2019,209.5,354,709,451.5,4549.5,4339.5,1136.5,3449,4192,1940,915.5
314,AEG15,ALB,2019,191.5,333,666.5,399.5,4377,4176,1105,3357,4028.5,1935.5,925
315,AEG16,ALB,2019,161,374.5,757.5,471.5,4251.5,4017.5,1249.5,3309.5,3854,2038.5,955.5
316,AEG17,ALB,2019,51,453,838,615,4115,3903,1394,3275,3754,2325,1160
317,AEG18,ALB,2019,176.5,337,679,390,4964.5,4777.5,1101,3719,4591.5,1854,850.5
318,AEG19,ALB,2019,259.5,408,765,472,4571,4399,1235,3390,4141,2329,1099
319,AEG20,ALB,2019,181,336,814,441,4972,4790,1382,3884,4574,2235,1032
320,AEG21,ALB,2019,143,282.5,655.5,323.5,4930,4783,1077,3788,4594,1830,788.5
321,AEG22,ALB,2019,70.5,519,872,692,4158,3865,1470,3324,3817,2592,1308
322,AEG23,ALB,2019,145.5,309,678,393.5,4340,4226,1158,3357.5,3988.5,1962,915
323,AEG24,ALB,2019,215.5,354,743.5,431,4648.5,4554.5,1213,3595,4309,2008,932.5
324,AEG25,ALB,2019,4.5,520.5,802.5,747,3405.5,3163,1357,2641,3030,2632,1449
325,AEG26,ALB,2019,53,465,746,693,3202,2992,1288,2486,2851,2540,1363
326,AEG27,ALB,2019,37.5,508,804.5,711,3507.5,3355.5,1363,2805,3203,2493,1322.5
327,AEG28,ALB,2019,33.5,587,926.5,888,3492.5,3345.5,1528.5,2792.5,3140,2838.5,1552
328,AEG29,ALB,2019,34,382,744,548,3883,3710,1291,3065,3517,2356,1176
329,AEG30,ALB,2019,128,363,726,457,4118,3975,1216,3261,3787,1905,897
330,AEG31,ALB,2019,154,370,701,485,3972.5,3835.5,1204,3083.5,3638,2134,1042.5
331,AEG32,ALB,2019,54.5,597,965,961,3638,3504,1536,2893,3276,2708,1477
332,AEG33,ALB,2019,15.5,468,823.5,695,3707,3548,1395,2903,3339.5,2657.5,1362.5
333,AEG34,ALB,2019,36.5,428.5,808.5,563.5,4220.5,4049.5,1383.5,3366,3857.5,2430.5,1202.5
334,AEG35,ALB,2019,202.5,293,606,299,5076,4855,967,3635,4700,1731,766
335,AEG36,ALB,2019,170.5,302,619,330,4398,4226,1005,3327,4082,1650,734
336,AEG37,ALB,2019,284.5,313,655,348,5253,5162,1044,3847,4892,1912,839
337,AEG38,ALB,2019,93.5,345,622,467,3495,3421,1050,2676,3188,1968,1061
338,AEG39,ALB,2019,308,342,679,381,5158,5030,1094,3816,4800,2018,912
339,AEG40,ALB,2019,184.5,337.5,693.5,431,4068.5,3936,1140.5,3226.5,3755.5,1856.5,881
340,AEG41,ALB,2019,247.5,321.5,652,411.5,4536.5,4385.5,1058.5,3424.5,4206,1852,871
341,AEG42,ALB,2019,186,354,754,465,4553,4408,1235,3567,4244,1965,956
342,AEG43,ALB,2019,73.5,379.5,769,491,4183.5,4035,1266,3308,3843.5,2106.5,1038.5
343,AEG44,ALB,2019,78.5,339,701.5,434,4210.5,4023,1159,3251.5,3872.5,2005.5,952
344,AEG45,ALB,2019,196,355.5,757,446.5,4793.5,4806,1205,3753,4494.5,1889.5,885.5
345,AEG46,ALB,2019,149.5,334.5,762.5,448,4691,4518.5,1208.5,3592.5,4349,1966.5,895
346,AEG47,ALB,2019,29,574,884,850,3297,3139,1445,2615,2953,2770,1538
347,AEG48,ALB,2019,4.5,595,864.5,854.5,2923,2718.5,1346.5,2317,2604.5,2708,1625.5
348,AEG49,ALB,2019,34,532.5,888.5,814,3651,3449.5,1480,2853,3282.5,2801,1469
349,AEG50,ALB,2019,209,395,726,485,4193,4039,1191,3309,3895,1923,953
350,HEG01,HAI,2019,246.9,249.5,549,261.5,4700.5,4553,856.5,3374,4369,1598,687
351,HEG02,HAI,2019,167.4,341,697,388,4351,4190,1039,3360,4066,1809,831
352,HEG03,HAI,2019,221.5,332.5,676,371.5,4690.5,4572,1019,3528,4387,1793.5,783
353,HEG04,HAI,2019,353,254,545,302,4557,4449,875,3177,4191,1501,688
354,HEG05,HAI,2019,164,274,589,295.5,4713,4591.5,937,3493,4401,1673.5,731
355,HEG06,HAI,2019,371.65,236,579.5,268,4509.5,4480,1003.5,3426.5,4198,1621,717
356,HEG07,HAI,2019,112.35,389,734,540,3954,3655,1238,3198,3653,1940,971
357,HEG08,HAI,2019,97,334,753,411,4499,4346,1284,3569,4136,1765,785
358,HEG09,HAI,2019,45.65,486,806,671,3251,3068,1288,2560,2914,2507,1423
359,HEG10,HAI,2019,197.85,269,607.5,335,4055.5,3887,1007,3060.5,3681.5,1746,783
360,HEG11,HAI,2019,63.4,451,771,638,3340,3160,1240,2617,2985,2321,1243
361,HEG12,HAI,2019,166.65,323.5,656.5,390,4256.5,4066.5,1065,3189.5,3901.5,2046.5,959
362,HEG13,HAI,2019,359.95,381,802.5,547.5,4454.5,4388,1179.5,3337,4116,1856,953
363,HEG14,HAI,2019,234.45,285,605,307,4844,4615,954,3480,4487,1729,758
364,HEG15,HAI,2019,185.75,283,600.5,336,4527,4402,974,3388.5,4159,1831.5,796.5
365,HEG16,HAI,2019,118.8,355,729,460,4044,3931,1212,3306,3781,1982,987
366,HEG17,HAI,2019,49.05,408,758.5,544,3678,3551,1293.5,2960.5,3349,2210.5,1130.5
367,HEG18,HAI,2019,57.45,338,664.5,446.5,3641,3461,1108,2801.5,3291,2002,980
368,HEG19,HAI,2019,133.85,301,611,376,3966,3726,1027,3024,3623,1795,828
369,HEG20,HAI,2019,83.35,360,698,485,3670,3563,1131,2885,3342,2019,998
370,HEG21,HAI,2019,115.4,335,682,449.5,3610,3520,1146.5,2824.5,3304.5,2069,1027.5
371,HEG22,HAI,2019,412.45,288,590,340.5,4709.5,4543,944,3350,4356.5,1796.5,813.5
372,HEG23,HAI,2019,58.8,428,763.5,605.5,3392,3216,1274,2640.5,3022.5,2326,1269
373,HEG24,HAI,2019,84.2,300,628,348,4027,3954,1001,3109,3756,1759,837
374,HEG25,HAI,2019,75.85,362,673.5,516,3485,3280,1124,2664.5,3135,2123.5,1080.5
375,HEG26,HAI,2019,60.4,340,683.5,447,3606,3436,1128,2808,3266,1913,923.5
376,HEG27,HAI,2019,205.1,270.5,560.5,325.5,4057.5,3896,935.5,2996,3739.5,1732,795.5
377,HEG28,HAI,2019,37.5,412.5,688.5,557.5,2942.5,2797,1111.5,2326,2685,2079,1122.5
378,HEG29,HAI,2019,36.25,421.5,705,623.5,3049.5,2852,1133,2367,2736.5,2227,1220.5
379,HEG30,HAI,2019,109.95,363,686,480,3629,3478,1106,2854,3314,2181,1151
380,HEG31,HAI,2019,40.05,373.5,706.5,495,3779,3604,1175,2916,3411,2087.5,1040.5
381,HEG32,HAI,2019,351.5,261,554,282,4658,4410,883,3287,4237,1622,703
382,HEG33,HAI,2019,347.7,221,510,228,5228,5086,813,3529,4812,1477,624
383,HEG34,HAI,2019,278.45,225,558,260,4370,4243,938,3300,4063,1559,685
384,HEG35,HAI,2019,514.55,226.5,571,261.5,5353.5,5301,916,3778.5,5024,1537.5,668
385,HEG36,HAI,2019,145.8,370.5,705.5,493.5,3614.5,3475.5,1151,2798,3276.5,2156.5,1067
386,HEG37,HAI,2019,220.35,301,570,337,4588,4448,898,3244,4228,1715,746
387,HEG38,HAI,2019,67.75,335,743,394,4729.5,4594.5,1225,3645,4367.5,1962,914
388,HEG39,HAI,2019,123,300,712,335,4777,4593,1161,3688,4413,1879,846
389,HEG40,HAI,2019,256.4,283,640,350,4343,4202,1028,3268,3971.5,1801.5,799
390,HEG41,HAI,2019,48.55,482,758,708,2928,2653,1224,2310,2634,2390,1396
391,HEG42,HAI,2019,68.65,398,728.5,549,3528,3384.5,1208,2794,3188,2152,1107
392,HEG43,HAI,2019,82.55,436,734,558,3300,3114,1142,2595,3002,2155,1144
393,HEG44,HAI,2019,116.55,355,644,514,3291.5,3123,1097,2557,2960.5,2210,1140.5
394,HEG45,HAI,2019,76.35,443.5,812,597,3915.5,3750.5,1321.5,3112,3585,2306,1153.5
395,HEG46,HAI,2019,45.4,457,746,683.5,2947.5,2781,1196.5,2310,2637,2569,1418.5
396,HEG47,HAI,2019,103.95,339.5,680,439,3851,3768.5,1115.5,2951.5,3529.5,1925,949
397,HEG48,HAI,2019,106.35,330,657,446,3565,3394,1103,2777,3228,1941,947
398,HEG49,HAI,2019,177.1,265,618.5,313,4187,4038,1029,3277.5,3897,1679.5,740.5
399,HEG50,HAI,2019,123.2,322.5,656,428,3485.5,3381,1096.5,2726.5,3207.5,2017,1003.5
400,SEG01,SCH,2019,362.85,346,658,404,4165,4017,1044.5,3079.5,3808.5,1818,847
401,SEG02,SCH,2019,171.35,325,649.5,369,4371,4193.5,1004,3185.5,3999.5,1792,811.5
402,SEG03,SCH,2019,265.3,347.5,654.5,375.5,4552,4383.5,971,3220,4133,2060.5,918
403,SEG04,SCH,2019,194.75,393,691.5,468.5,4397,4252.5,1024,3190.5,4031.5,2030.5,975
404,SEG06,SCH,2019,360.4,322,653,360,5675,5474,991,3855,5146,2182,952
405,SEG05,SCH,2019,301.95,391,748,542.5,4318,4158,1198,3068,3803,2309.5,1123
406,SEG07,SCH,2019,343.05,318,641,358.5,4428,4273.5,965,3212,4090,1709,770.5
407,SEG08,SCH,2019,256.26,365,751,440,4875,4768,1181,3590,4465,2001,929
408,SEG09,SCH,2019,339.5,432,772,509,4626,4280,1171,3385,4143,2390,1136
409,SEG10,SCH,2019,141.95,440,763,658,3976,3767,1272,2949,3547,2619,1334
410,SEG11,SCH,2019,239.3,385,685,432,4335.5,4239,1026,3166.5,3940,2141,994
411,SEG12,SCH,2019,209.8,373,765,424,4837,4678,1213,3610,4395,2065,938
412,SEG13,SCH,2019,159.95,485,774,583,3285,3100,1161,2529,2942,1777,923
413,SEG14,SCH,2019,167.55,325,691.5,402,4399.5,4192,1113.5,3212.5,3932,1965.5,900
414,SEG15,SCH,2019,233.05,346,699.5,436,4379.5,4173.5,1123,3224.5,3954,1849,836
415,SEG16,SCH,2019,358.85,374,687,414,4971,4845,1023,3596,4606,1897,898
416,SEG17,SCH,2019,102,511,787,618,3707,3540,1112,2760,3335,2026,1062
417,SEG18,SCH,2019,303.95,375,718,511,3594.5,3428.5,1144.5,2722.5,3224,2073.5,1001.5
418,SEG19,SCH,2019,243.05,363,722,391,4837,4593,1049,3452,4423,1915,852
419,SEG20,SCH,2019,103.3,420,729,523,4339,4113,1148,3137,3829,2479,1190.5
420,SEG21,SCH,2019,12.4,532,844,638,3747,3562,1197,2811,3332,2314,1194
421,SEG22,SCH,2019,253.3,319,701,361.5,4697,4582.5,1118,3472.5,4328,1750.5,758
422,SEG23,SCH,2019,147.1,470,754,604,3685,3587,1189,2676,3240,2316,1154
423,SEG24,SCH,2019,126.05,376.5,648.5,533.5,3660,3468,1115.5,2692.5,3239,2019,974
424,SEG25,SCH,2019,79.55,383,672.5,505,4035,3864,1094,2929.5,3538,2173,1080
425,SEG26,SCH,2019,96.6,419,761,540.5,4000,3808.5,1228.5,2937,3501.5,2140.5,1026.5
426,SEG27,SCH,2019,33.65,405.5,683,611,3699.5,3461,1160,2640,3196.5,2479,1300
427,SEG28,SCH,2019,99,378,762,497,4311,4093,1210,3192,3863,2033,960
428,SEG29,SCH,2019,246.05,323.5,656.5,395,4277,4050,1045,3131,3861,1788.5,792
429,SEG30,SCH,2019,237.85,620,967.5,814.5,3776.5,3654.5,1474.5,2917.5,3398,2412.5,1309.5
430,SEG31,SCH,2019,219.65,478,832,637,3765,3577,1263,2899,3411,2187,1091
431,SEG32,SCH,2019,301.85,377.5,665,438,3212.5,3132,998,2534.5,2989.5,1414.5,689.5
432,SEG33,SCH,2019,476.3,394,763,485,4193,3989,1207,3196,3782,1992,968
433,SEG34,SCH,2019,152.4,460,818,609,3954,3773,1355,3064,3559,2268,1130
434,SEG35,SCH,2019,303.75,397,750,507,4028,3870,1225,3079,3646,2020,975
435,SEG36,SCH,2019,298.55,434,833,600.5,3961.5,3672.5,1341.5,3048.5,3523.5,2276.5,1189.5
436,SEG37,SCH,2019,88.3,452,776,687,3344,3158,1304,2555,2961,2405,1305
437,SEG38,SCH,2019,183.5,516,866,677,3627,3532,1336,2872,3273,2381,1339
438,SEG39,SCH,2019,139.25,369,710,468,3934,3805,1165,3114,3630,1798,859
439,SEG40,SCH,2019,174.6,356,620,482,3580,3363,996,2591,3168,1953,959
440,SEG41,SCH,2019,602.2,372,687,419,4795,4616,1031,3500,4441,1770,824
441,SEG42,SCH,2019,231.15,442,788,555,3910,3752,1227,3064,3557,2207,1157
442,SEG43,SCH,2019,430.05,361,655,438.5,3788.5,3617,1076,2865.5,3434,1993.5,973.5
443,SEG44,SCH,2019,274.75,404.5,730,515.5,3743.5,3550.5,1172.5,2863.5,3397,2263,1111.5
444,SEG45,SCH,2019,141.9,448,788,614.5,3781,3644,1288,2951,3426.5,2259.5,1173.5
445,SEG46,SCH,2019,228.9,420,772,530,4297,4104,1211.5,3246.5,3908,2037.5,1004
446,SEG47,SCH,2019,287.25,399.5,755,482,4596.5,4369.5,1175.5,3485,4229,1798.5,847.5
447,SEG48,SCH,2019,78.05,486.5,872.5,647,3897.5,3729.5,1401,3047,3498.5,2568.5,1337
448,SEG49,SCH,2019,176.3,487.5,836,650.5,3676,3438.5,1295,2821,3301.5,2334,1251
449,SEG50,SCH,2019,190.9,440.5,749.5,586,3708,3515.5,1182.5,2797.5,3328.5,2221.5,1121.5
450,AEG01,ALB,2017,153.25,335,705,431,4220,4109,1169,3350,3961,1972,955
451,AEG02,ALB,2017,164.75,302.5,648.5,335.5,4864,4669.5,1015.5,3558.5,4504,1755.5,774
452,AEG03,ALB,2017,66.6,376,766,508,3966.5,3838,1294,3175,3643,2120.5,1013.5
453,AEG04,ALB,2017,189.5,327.5,726,413.5,5176,4955.5,1210,3899.5,4810.5,2185,985
454,AEG05,ALB,2017,195.25,323,687,366,5081,4884,1133,3788,4705,1994,879
455,AEG06,ALB,2017,183.8,282,607,329,4809,4643,1029,3496,4392,1963,858
456,AEG07,ALB,2017,57.5,520,825,798,3179,2967,1384,2487,2791,2692,1483.5
457,AEG08,ALB,2017,65.65,484,821,737.5,3578,3352.5,1391.5,2778,3212,2616.5,1345
458,AEG09,ALB,2017,96.95,600,929,914,3528,3358,1524,2759,3162,2781,1497
459,AEG10,ALB,2017,165.2,507.5,844,756,3640.5,3447,1394,2819,3244,2673.5,1427.5
460,AEG11,ALB,2017,181.15,374,730,550,3888,3693,1227,2930,3527,2362,1192
461,AEG12,ALB,2017,123.1,336,704,390,4630,4498,1162,3643,4319,2031,935
462,AEG13,ALB,2017,289.7,279,620,280,5189,5102,1009,3847,4829,1839,773
463,AEG14,ALB,2017,138.75,321,743,408,5143,4979,1198.5,3968,4788.5,2010.5,885
464,AEG15,ALB,2017,189.45,299,650,351.5,4800,4648,1105.5,3633.5,4496,1963,913.5
465,AEG16,ALB,2017,149.9,348,748.5,421,4830,4593.5,1273.5,3772,4467.5,2004,895
466,AEG17,ALB,2017,114.4,403,832,541,4261,4048,1383,3414,3904,2234,1054
467,AEG18,ALB,2017,167.15,303.5,715.5,366,4924.5,4784.5,1183,3864,4632,1915.5,840
468,AEG19,ALB,2017,228.85,329,685,354,5017,4911,1146,3662,4558,2128,953
469,AEG20,ALB,2017,147.5,324,788,400,4801,4583,1367,3763,4404,2339,1097
470,AEG21,ALB,2017,187.85,280,627,348,4380.5,4184,1013,3345,4056,1836.5,834
471,AEG22,ALB,2017,109.1,416,779,542,4449,3976,1321,3524,4091,2354,1088
472,AEG23,ALB,2017,209.25,310,695,398.5,4182,3994.5,1204.5,3243.5,3805.5,1890,856
473,AEG24,ALB,2017,262.7,323.5,729,389.5,4987,4709,1223.5,3763,4575,2029,899
474,AEG25,ALB,2017,27.9,416,695.5,615.5,3230.5,2983.5,1245,2488,2857.5,2365,1243
475,AEG26,ALB,2017,92.55,462,786,738,3249,3065,1379,2546,2891,2736,1445
476,AEG27,ALB,2017,114,569.5,880.5,838,3302.5,3128.5,1478,2608.5,2952.5,2689.5,1482
477,AEG28,ALB,2017,68.2,577.5,904.5,902,3216.5,3094,1488,2556,2879.5,2921,1630.5
478,AEG29,ALB,2017,55.75,357,710,483,3792,3646,1221,3008,3442,2251,1075
479,AEG30,ALB,2017,118.55,305,691,398,3926,3857,1195,3150,3626,1982,909
480,AEG31,ALB,2017,89.1,306,669,395.5,3990.5,3872,1167,3197,3697.5,2052,960
481,AEG32,ALB,2017,88.4,588,950,933,3356,3237,1520,2687,3100,2806,1548
482,AEG33,ALB,2017,110.85,485,854.5,752.5,3577.5,3371.5,1475,2795,3189.5,2924.5,1524
483,AEG34,ALB,2017,119.55,334.5,742.5,445.5,4375,4201,1299,3474,4046,2198,987.5
484,AEG35,ALB,2017,182.05,322,675,402,4921,4709,1108,3630,4586,2048,979
485,AEG36,ALB,2017,109.8,299,618,331,4236,4058,1025,3184,3911,1894,881
486,AEG37,ALB,2017,333.3,312,676,364,5300,5159,1129,3922,4921,2012,893
487,AEG38,ALB,2017,113,275,594,363,4153,3998,1041,3128,3810,1905,862
488,AEG39,ALB,2017,265.5,303,680,341,5471,5372,1122,4103,5130,1948,855
489,AEG40,ALB,2017,73.3,344,758,442.5,4598.5,4494,1224.5,3636.5,4278,1956.5,896
490,AEG41,ALB,2017,166.6,304,657.5,358.5,4910.5,4758.5,1090.5,3697.5,4565,1836,811.5
491,AEG42,ALB,2017,117.8,353,722,478,4137,3904,1236,3197,3744,2140,1013
492,AEG43,ALB,2017,108.25,333.5,757,438,4588,4465,1271.5,3640.5,4288,2062.5,931
493,AEG44,ALB,2017,142.1,310.5,696.5,399.5,4217.5,4043.5,1153,3295,3901.5,1971.5,906
494,AEG45,ALB,2017,153.2,338,782.5,411.5,5142.5,5063,1304,4028.5,4801,2033,904.5
495,AEG46,ALB,2017,194.7,328,760,395,4729.5,4578.5,1252.5,3679,4361.5,2057.5,915.5
496,AEG47,ALB,2017,78.3,606,928,894,3298,3107,1467,2578,2941,2841,1565
497,AEG48,ALB,2017,44.1,574,858,857.5,2831.5,2640,1369.5,2238.5,2503.5,2761.5,1628.5
498,AEG49,ALB,2017,60.05,447,778,663.5,3605,3368.5,1337.5,2779.5,3231,2616,1336
499,AEG50,ALB,2017,218.4,363,771,401,5094,5007,1308,3960,4710,2027,905
500,HEG01,HAI,2017,93.6,343.5,720,411.5,4516,4398,1111,3423.5,4195,1902,901.5
501,HEG02,HAI,2017,63.8,346.5,682.5,410.5,4102.5,3969.5,1092,3162,3788.5,1921,899
502,HEG03,HAI,2017,173,349.5,705,457.5,4190,4039.5,1116.5,3202,3859.5,2005,930
503,HEG04,HAI,2017,188.85,339.5,705,466.5,4489,4225.5,1194,3312,4100,1972,975
504,HEG05,HAI,2017,49.9,287,626.5,338.5,4417.5,4259,1034.5,3412,4158.5,1774,810.5
505,HEG06,HAI,2017,88.25,230,588,247,4862,4797,983,3717,4620,1582,680
506,HEG07,HAI,2017,49.7,317.5,767,465,4317.5,4051,1274.5,3446,3987.5,1991,905
507,HEG08,HAI,2017,44.65,238,652,300,4734,4549,1112,3636,4390,1738,734
508,HEG09,HAI,2017,49.3,452,792,634,3393,3204,1331,2677,3072,2281,1161
509,HEG10,HAI,2017,55.2,263,642,311,4399,4266,1067,3347,4044,1711,727
510,HEG11,HAI,2017,22.45,354.5,694.5,495,3448,3256.5,1177,2680,3110.5,1999.5,984
511,HEG12,HAI,2017,79.15,324,716,387,4667,4497.5,1178,3545,4316,2234,1022
512,HEG13,HAI,2017,68.45,272,693,404,4764,4695,1159,3689,4443,1838,925
513,HEG14,HAI,2017,51.8,312,673,357,4479,4330,1117,3422,4160,1804,815
514,HEG15,HAI,2017,115.85,338,663,407,4276,4255,1102,3300,3949,2083,939
515,HEG16,HAI,2017,61.1,423,840,640,3704.5,3489.5,1381,2962.5,3360,2578,1317
516,HEG17,HAI,2017,28.55,469.5,829.5,687.5,3372.5,3262,1334.5,2721,3065,2426,1282
517,HEG18,HAI,2017,95.05,352,764,504,3732,3559,1247,2959,3435,2236,1115
518,HEG19,HAI,2017,72.15,407,786,532,4079,3860,1227,3179,3727,2193,1025
519,HEG20,HAI,2017,65.9,423,819,582,3899,3746.5,1386,3110.5,3565.5,2365,1219
520,HEG21,HAI,2017,47.35,347.5,701.5,451,3992,3843,1203.5,3120,3675.5,2123,978
521,HEG22,HAI,2017,157.75,301,657,343,4513,4359,1089,3440,4159,1741,771
522,HEG23,HAI,2017,66.85,416,855,550,4307,4161,1401,3446,3930,2082,967
523,HEG24,HAI,2017,92.9,322,682,351,4254,4181,1092,3357,3980,1776,796
524,HEG25,HAI,2017,69.55,334,689,467,3929,3705,1173,2985,3553,2001,936
525,HEG26,HAI,2017,48.1,378,760,507,3702,3507,1270,2927,3384,1918,937
526,HEG27,HAI,2017,251.9,215.5,491,249,3514.5,3418,811.5,2659,3282.5,1319,574
527,HEG28,HAI,2017,17.15,421,806,594,3519.5,3424,1318.5,2859.5,3227,2220.5,1128.5
528,HEG29,HAI,2017,59.95,469.5,824.5,664.5,3489,3299.5,1331.5,2788.5,3179.5,2324,1216.5
529,HEG30,HAI,2017,60.9,306,637,357,4353,4185,1052,3379,4065,1757,778
530,HEG31,HAI,2017,45.2,316.5,644.5,408,4060,3967,1146,3163.5,3741,2021.5,947.5
531,HEG32,HAI,2017,182.15,242,583,248,4819,4542,963,3574,4496,1593,652
532,HEG33,HAI,2017,118.65,308,699,395,4533.5,4343,1168.5,3396.5,4138.5,1926.5,896
533,HEG34,HAI,2017,48.65,223,552.5,231,4746,4691,924.5,3610,4556.5,1600,707
534,HEG35,HAI,2017,191.85,237,601,265,5518,5245,983,4025,5152,1666,715
535,HEG36,HAI,2017,33.2,335.5,704.5,466,3961,3772,1225.5,3050.5,3588.5,2136,981
536,HEG37,HAI,2017,59.45,320,688,420,4466,4274,1170,3313,4079.5,2089.5,959.5
537,HEG38,HAI,2017,41.35,348,806,395,5158,5073,1411,4124,4815,2054,926
538,HEG39,HAI,2017,48.25,337,781,406,4535,4300,1291,3570,4159,1976,903
539,HEG40,HAI,2017,71.65,342.5,734,382.5,4549.5,4427.5,1139.5,3569.5,4263,1842,805
540,HEG41,HAI,2017,109.5,525.5,910,779.5,3410,3227,1487.5,2726,3057.5,2619,1457
541,HEG42,HAI,2017,21.05,510,871,738,3505,3358,1407,2808,3162,2604,1383
542,HEG43,HAI,2017,28.45,446,836,590,3911,3812,1338,3131,3618,2132,1049
543,HEG44,HAI,2017,55.95,382.5,680,571.5,3241,3107.5,1128.5,2524.5,2955,2262.5,1137.5
544,HEG45,HAI,2017,21.6,454,854.5,665.5,3710.5,3563.5,1436,2976.5,3369.5,2589.5,1298
545,HEG46,HAI,2017,37.2,455,834.5,734.5,3467.5,3230.5,1362,2734,3129,2629,1318
546,HEG47,HAI,2017,40.65,325,747,412,4260,4164,1195,3375,3964,1749,806
547,HEG48,HAI,2017,46.7,302,675.5,373,4223,4112,1186,3309.5,3914,1848,840.5
548,HEG49,HAI,2017,92.1,296,670,335.5,4609,4563.5,1110.5,3619,4344,1710.5,747
549,HEG50,HAI,2017,149.95,289.5,685.5,371.5,4128,3967,1193.5,3310.5,3818.5,1853,846.5
550,SEG01,SCH,2017,173.3,278.5,607,302.5,4224,4172.5,1013,3262.5,3923,1748,795
551,SEG02,SCH,2017,146.1,175.5,508.5,185,5004,4811,886,3558,4575.5,1614.5,647.5
552,SEG03,SCH,2017,254.5,154.5,414,169,4378.5,4145,773,2939.5,3838.5,1423,581
553,SEG04,SCH,2017,104.5,472,832,643,4116,3856,1220.5,3053.5,3713,2385,1184.5
554,SEG05,SCH,2017,126.95,204,497,216.5,4722,4604,914.5,3377,4270.5,1702,735
555,SEG06,SCH,2017,554.15,361,684,398,4642,4428,1102,3283,4082,2293,1077
556,SEG07,SCH,2017,331.65,451.5,887,448.5,6302.5,6313,1219.5,4693,6049,1905,839
557,SEG08,SCH,2017,213.75,246,585,233,5093,5058,927,3710,4738,1602,692
558,SEG09,SCH,2017,164.6,352,679,396,4238,3914,1035,3227,3925,1994,936
559,SEG10,SCH,2017,174.2,252,601,269,4882,4711,917,3523,4441,1885,793
560,SEG11,SCH,2017,331.95,290.5,607.5,274.5,5405.5,5437,884.5,3875.5,5121.5,1628.5,691.5
561,SEG12,SCH,2017,111.85,258,613,298,4198,3994,1108,3123,3726,1729,762
562,SEG13,SCH,2017,203.4,336,717,342,5069,4960,1120,3892,4719,1653,692
563,SEG14,SCH,2017,183.2,227,566.5,248.5,4764.5,4517.5,947,3364.5,4200.5,1682.5,707
564,SEG15,SCH,2017,226.65,245,565.5,262.5,4471,4340.5,924,3308,4117.5,1556.5,687
565,SEG16,SCH,2017,97.85,240,554,225,5637,5583,837,4070,5327,1682,712
566,SEG17,SCH,2017,128.65,388,645,459,4029,3900,1030,2933,3625,2203,1087
567,SEG18,SCH,2017,232.95,232,601,301,4191,3917,1107,3151,3738,1671.5,709
568,SEG19,SCH,2017,141.8,328,681,394,4280,4080,1026,3192,3912,1777,803
569,SEG20,SCH,2017,313.35,291,602.5,285,5351.5,5163.5,910.5,3788,4977,1787.5,754
570,SEG21,SCH,2017,590.8,347,678,406,3577,3444,1002,2669,3182,1949,937
571,SEG22,SCH,2017,241.65,188,541.5,190,5102.5,4967,908.5,3673.5,4740.5,1512,637
572,SEG23,SCH,2017,171.7,217,567,230,4880,4637,945,3491,4323,1741,707
573,SEG24,SCH,2017,92,456.5,762,740.5,3615.5,3359.5,1223.5,2600,3093.5,2573,1317
574,SEG25,SCH,2017,41.85,507.5,883.5,709.5,3797,3699,1388.5,2921,3396.5,2564,1377
575,SEG26,SCH,2017,52.7,387,731,526,3746,3564.5,1191.5,2804,3307.5,2256.5,1086.5
576,SEG27,SCH,2017,71.3,305,569,471.5,3536.5,3253,1049.5,2503.5,3053,2338.5,1175.5
577,SEG28,SCH,2017,131.75,278,642,376,3926,3697,1043,2919,3494,1856,854
578,SEG29,SCH,2017,177.55,275.5,646.5,339.5,4099.5,3855.5,1007.5,3143,3773,1754.5,791.5
579,SEG30,SCH,2017,236.45,246.5,598.5,253,4510.5,4325,1016.5,3447.5,4259.5,1581.5,710
580,SEG31,SCH,2017,195.9,202,553,189,5051,4706,938,3802,4701,1522,622
581,SEG32,SCH,2017,226.75,198,573,200.5,4643.5,4638,981,3510,4338.5,1451,589
582,SEG33,SCH,2017,649.8,360,781,454,4239,3959,1274,3329,3882,2068,966
583,SEG34,SCH,2017,229.15,276,622,274,5309,5188,1046,4024,5012,1512,631
584,SEG35,SCH,2017,215.25,299,685,329,4808,4661,1155,3735,4443,1818,782
585,SEG36,SCH,2017,238.35,232.5,563,222.5,5545,5435.5,949.5,4053.5,5179.5,1461.5,577.5
586,SEG37,SCH,2017,239.5,225,568,322,4118,3819,1047,3121,3672,1689,723
587,SEG38,SCH,2017,161.4,390,899,584,4209,4079,1420,3419,3877,2236,1125
588,SEG39,SCH,2017,122.5,310,726,372,4532,4387,1207,3596,4221,1677,737
589,SEG40,SCH,2017,223.1,223,544,221,5051,4931,927,3664,4709,1433,582
590,SEG41,SCH,2017,402.15,216,596,199,5764,5661,1012,4415,5571,1765,753
591,SEG42,SCH,2017,806.9,319,721,358,4585,4566,1170,3577,4288,1921,854
592,SEG43,SCH,2017,367.6,273,611,304,4340.5,4281,964.5,3292,4051.5,1696.5,735.5
593,SEG44,SCH,2017,201,319.5,660.5,366.5,3753.5,3595.5,1049.5,2886.5,3441,2002,961.5
594,SEG45,SCH,2017,275.7,338,741,349,4861.5,4934.5,1155,3730.5,4528.5,1807.5,819.5
595,SEG46,SCH,2017,271.75,340.5,705.5,406.5,4270,4042.5,1126.5,3308,3923,1919.5,920.5
596,SEG47,SCH,2017,255.45,251.5,615.5,232.5,5979,5870,1034.5,4472,5675,1565,629
597,SEG48,SCH,2017,253.3,446.5,822.5,586,3623.5,3463.5,1290.5,2910,3322.5,2334,1281
598,SEG49,SCH,2017,168,351,762.5,365,4897,4732.5,1245,3718.5,4507,1706,767
599,SEG50,SCH,2017,212.2,279,583,280.5,4754,4560.5,970.5,3499,4372,1535.5,650.5
