ep,Year,Species_Richness,Shannon,Simpson,inverse_Simpson,Pielou_Evenness,Rao_Q,Redundancy
HEG04,2019,9,1.567366357,0.729949961,3.703017424,0.713339171,0.165722532,0.564227429
SEG01,2020,10,1.862725039,0.816979166,5.463858821,0.808971206,0.162344358,0.654634808
SEG40,2019,10,1.389624989,0.674629625,3.073420558,0.603506465,0.163795301,0.510834324
SEG03,2020,11,1.370911086,0.659999821,2.941174922,0.571714329,0.10439678,0.555603042
AEG02,2018,12,1.45991645,0.72723683,3.666184116,0.587513599,0.267330035,0.459906795
HEG02,2016,12,1.470896923,0.706795958,3.410594182,0.591932467,0.143938899,0.562857059
HEG04,2017,12,1.647892372,0.722963367,3.609630934,0.663160675,0.182461558,0.540501809
HEG04,2020,12,1.140348074,0.610213217,2.565505151,0.458909824,0.11613242,0.494080797
SEG23,2019,12,1.826933029,0.800523866,5.013131041,0.735211936,0.193454364,0.607069501
SEG28,2016,12,1.4256224,0.60098718,2.506185142,0.573712659,0.139789398,0.461197782
SEG40,2018,12,1.911233522,0.816097314,5.437658484,0.76913695,0.204564506,0.611532808
HEG01,2016,13,1.764032613,0.775820412,4.460709416,0.687745592,0.154512071,0.621308341
HEG04,2016,13,1.704275947,0.76589654,4.27161563,0.664448186,0.116581221,0.649315319
SEG01,2019,13,1.8398017,0.767492594,4.300938274,0.71728578,0.16333686,0.604155735
SEG03,2019,13,1.486172612,0.73701084,3.802438097,0.579415967,0.132667167,0.604343674
SEG20,2020,13,1.487839892,0.655967529,2.906702377,0.580065991,0.143697905,0.512269625
SEG23,2016,13,1.634992361,0.710737151,3.457063366,0.637436508,0.16616221,0.54457494
SEG28,2017,13,1.231460562,0.551545336,2.22987981,0.480111063,0.147584008,0.403961328
SEG28,2020,13,1.626310448,0.714864406,3.507103357,0.63405168,0.16748669,0.547377716
HEG03,2016,14,1.98409629,0.816258869,5.442439566,0.751820079,0.180097577,0.636161293
HEG03,2020,14,1.479039826,0.666503236,2.998529849,0.560442477,0.194562507,0.47194073
SEG05,2016,14,1.69606855,0.746655804,3.947199175,0.642679691,0.183991203,0.562664601
SEG16,2019,14,2.310307686,0.878557466,8.234347298,0.875429139,0.346241207,0.532316259
SEG16,2020,14,1.995549342,0.817246672,5.471856571,0.756159906,0.247504669,0.569742003
SEG25,2017,14,1.696289007,0.708873457,3.434932415,0.642763228,0.204424854,0.504448603
SEG27,2017,14,1.901702253,0.799060206,4.976615043,0.720599068,0.186999801,0.612060405
SEG28,2018,14,2.11326628,0.836174524,6.104056744,0.800765582,0.224129208,0.612045316
SEG28,2019,14,1.878363191,0.793247051,4.836690384,0.711755357,0.18388212,0.609364931
SEG01,2017,15,1.915103239,0.806665053,5.172370618,0.707188972,0.189151447,0.617513606
SEG02,2016,15,2.153798573,0.838763937,6.202086438,0.795331849,0.265514098,0.573249839
SEG03,2016,15,1.594494586,0.708738984,3.433346536,0.588798016,0.189634198,0.519104786
SEG03,2017,15,1.469677199,0.683872691,3.163282554,0.542706778,0.174524896,0.509347796
SEG03,2018,15,1.483623732,0.739553541,3.839560739,0.547856805,0.147823461,0.59173008
SEG04,2019,15,1.703397738,0.680492125,3.129813309,0.629012615,0.261175577,0.419316548
SEG05,2017,15,1.521232987,0.692317714,3.250105858,0.561744751,0.148108001,0.544209713
SEG10,2018,15,2.051672105,0.821479698,5.601603799,0.757619672,0.277870122,0.543609577
SEG10,2020,15,1.728788206,0.763210343,4.223157438,0.638388537,0.201099944,0.562110399
SEG16,2018,15,2.061654794,0.838427485,6.189171479,0.761305973,0.30415091,0.534276576
SEG24,2020,15,1.199182556,0.482988444,1.934192744,0.442821391,0.135271713,0.347716731
SEG27,2019,15,1.410361707,0.654296322,2.892650737,0.520803383,0.132410749,0.521885573
SEG40,2020,15,1.490025023,0.65729332,2.917947205,0.550220606,0.148063857,0.509229463
AEG49,2018,16,1.651646307,0.741086389,3.862292123,0.595705484,0.158161314,0.582925075
SEG04,2018,16,2.126866594,0.835378408,6.074537287,0.767104972,0.355241719,0.480136689
SEG07,2020,16,1.492482587,0.676020408,3.086614173,0.538299307,0.170642953,0.505377456
SEG08,2020,16,1.997760802,0.822746904,5.641650409,0.7205399,0.236031987,0.586714917
SEG10,2017,16,2.192979057,0.863582981,7.330463671,0.790950003,0.345171799,0.518411182
SEG10,2019,16,1.709595791,0.739519344,3.839056672,0.616606342,0.201800019,0.537719325
SEG12,2016,16,2.223981579,0.863664929,7.334869832,0.802131799,0.251362706,0.612302222
SEG12,2019,16,2.242349893,0.85110383,6.716089479,0.808756768,0.262899956,0.588203874
SEG12,2020,16,2.083206754,0.828815026,5.841634204,0.751358013,0.217112758,0.611702267
SEG21,2020,16,1.505021695,0.697647904,3.307402244,0.542821834,0.153722939,0.543924965
SEG23,2020,16,1.28807157,0.61922168,2.626199938,0.464573616,0.120425383,0.498796298
SEG27,2018,16,1.84019159,0.80086236,5.021652372,0.66370882,0.215146209,0.585716152
SEG41,2020,16,1.836564083,0.783856046,4.626546251,0.662400474,0.157970536,0.62588551
AEG04,2019,17,0.996826854,0.393528926,1.648883256,0.351836143,0.107210307,0.286318619
HEG01,2017,17,1.966592081,0.817734368,5.486497846,0.694120718,0.172452237,0.645282131
HEG03,2018,17,2.093932102,0.820677035,5.576530577,0.739066158,0.205181705,0.61549533
SEG01,2016,17,2.281758702,0.869751152,7.677611082,0.805360707,0.231088712,0.63866244
SEG01,2018,17,1.628865052,0.699701798,3.330023264,0.574917895,0.161644727,0.53805707
SEG07,2016,17,2.169802579,0.838919551,6.208078056,0.765845108,0.241241378,0.597678173
SEG07,2019,17,1.614879391,0.645315648,2.819408284,0.56998157,0.178966518,0.46634913
SEG09,2019,17,2.119954057,0.813136011,5.351485893,0.748250767,0.192979755,0.620156256
SEG12,2017,17,2.120453508,0.812800514,5.341895013,0.748427051,0.236367086,0.576433428
SEG14,2020,17,1.948477396,0.803571358,5.090907263,0.687727029,0.180943358,0.622628
SEG16,2017,17,2.35958744,0.886112853,8.780622136,0.832830837,0.316757831,0.569355022
SEG20,2016,17,1.951826249,0.808826167,5.230841392,0.688909027,0.206429774,0.602396393
SEG23,2017,17,1.687235706,0.728276551,3.680212382,0.595520175,0.177287447,0.550989104
SEG24,2017,17,1.93933752,0.795882766,4.899145357,0.684501054,0.229923313,0.565959453
SEG27,2016,17,1.867172515,0.786968543,4.694142433,0.659029973,0.211065389,0.575903155
SEG29,2020,17,1.911747114,0.757258026,4.119600667,0.674762851,0.188799244,0.568458782
SEG43,2016,17,1.319529674,0.470671501,1.889186019,0.465736079,0.122941512,0.347729989
AEG02,2019,18,1.700963077,0.774184542,4.428394794,0.588492837,0.244089568,0.530094974
AEG49,2019,18,1.815496659,0.769849834,4.344989262,0.628118737,0.147339031,0.622510803
HEG02,2017,18,1.745250335,0.74141297,3.867169976,0.603815177,0.16794901,0.57346396
HEG03,2017,18,2.209816989,0.865468865,7.433223524,0.764544209,0.204666198,0.660802667
HEG03,2019,18,2.124098619,0.853808153,6.840326749,0.734887688,0.214369765,0.639438388
HEG32,2016,18,1.955967479,0.780371497,4.553143076,0.676718306,0.188675457,0.591696039
SEG04,2017,18,1.401086156,0.582254215,2.393800335,0.484742543,0.181431652,0.400822563
SEG05,2019,18,1.674103994,0.689206207,3.217567475,0.579200232,0.157994234,0.531211973
SEG05,2020,18,1.983875938,0.827538181,5.798384843,0.68637397,0.171164349,0.656373831
SEG07,2017,18,1.873468152,0.754029305,4.065524953,0.648175498,0.189369936,0.564659369
SEG09,2020,18,2.163795482,0.855144446,6.903428761,0.74862186,0.193693246,0.6614512
SEG10,2016,18,1.926461761,0.774325936,4.431169372,0.666510028,0.306512798,0.467813139
SEG11,2020,18,2.087898023,0.83743551,6.151404909,0.722363142,0.209368704,0.628066807
SEG19,2020,18,1.829802592,0.773638867,4.417719545,0.633068251,0.150462347,0.62317652
SEG20,2017,18,1.900972084,0.799648914,4.991238242,0.657691205,0.200385168,0.599263747
SEG23,2018,18,1.542674394,0.703685574,3.374793506,0.533728711,0.145080311,0.558605263
SEG25,2020,18,1.733993554,0.72597882,3.649352938,0.599920598,0.181148154,0.544830666
SEG27,2020,18,1.034778404,0.444013157,1.798603712,0.358008758,0.080276909,0.363736248
SEG38,2020,18,2.283514038,0.877803605,8.183547484,0.790041638,0.189288146,0.688515459
AEG02,2020,19,1.942266969,0.827188928,5.786666274,0.659639063,0.266476027,0.560712901
AEG04,2017,19,2.1391491,0.82101848,5.587168988,0.726504816,0.244305907,0.576712572
AEG04,2018,19,2.078718149,0.81642298,5.447304894,0.705981059,0.320656722,0.495766258
HEG12,2018,19,2.466006079,0.893151483,9.359044226,0.837513053,0.244632608,0.648518874
HEG22,2016,19,2.210240208,0.869857747,7.683899557,0.750649011,0.217865519,0.651992228
HEG32,2017,19,1.827057547,0.757004307,4.115299271,0.620511262,0.156109555,0.600894752
SEG02,2018,19,2.130130643,0.793166966,4.834817642,0.723441939,0.213743299,0.579423667
SEG02,2020,19,1.774386298,0.697732416,3.308326965,0.60262288,0.152213704,0.545518712
SEG04,2020,19,1.535048128,0.596243985,2.476743287,0.521338068,0.158633007,0.437610978
SEG05,2018,19,1.985242344,0.773319906,4.411503372,0.6742345,0.221385624,0.551934282
SEG09,2018,19,2.306236625,0.862425875,7.268808715,0.783251628,0.216641379,0.645784496
SEG11,2017,19,2.23507037,0.836833882,6.128723361,0.759081912,0.27210271,0.564731172
SEG11,2019,19,2.284467825,0.851065753,6.714372417,0.775858437,0.319683934,0.531381819
SEG16,2016,19,2.384131789,0.889688142,9.065208586,0.809706639,0.332018318,0.557669825
SEG17,2016,19,1.481068839,0.646850803,2.831664375,0.503005445,0.146404149,0.500446654
SEG17,2019,19,1.897440407,0.786414484,4.68196543,0.644414919,0.201944444,0.58447004
SEG17,2020,19,2.039466811,0.82739449,5.793557805,0.692650391,0.225279105,0.602115385
SEG19,2017,19,1.916465959,0.781016659,4.566557407,0.65087644,0.16786464,0.613152019
SEG19,2019,19,1.785500914,0.748794882,3.980810613,0.606397662,0.158284363,0.590510519
SEG20,2018,19,2.310138256,0.865921279,7.458305035,0.784576713,0.208011011,0.657910268
SEG21,2019,19,1.794001945,0.717085113,3.534631951,0.60928481,0.172899016,0.544186097
SEG22,2017,19,2.078294037,0.781345244,4.573419836,0.705837021,0.1714197,0.609925544
SEG22,2018,19,2.368830526,0.87812787,8.205321403,0.804509974,0.185002509,0.69312536
SEG25,2019,19,2.157347619,0.823927678,5.67948438,0.732685457,0.228140609,0.595787069
SEG29,2016,19,2.412276989,0.882635781,8.520484456,0.819265404,0.312042727,0.570593055
SEG37,2020,19,2.077190147,0.81935078,5.535589907,0.705462114,0.197856967,0.621493813
SEG41,2016,19,2.608449808,0.908192996,10.89241511,0.885890258,0.282756559,0.625436437
SEG43,2020,19,1.494366847,0.673754424,3.06517566,0.507521758,0.141919299,0.531835125
SEG44,2020,19,1.94176739,0.78718758,4.698973862,0.659469394,0.19864973,0.58853785
SEG45,2020,19,1.957373221,0.806853895,5.177427733,0.664769498,0.186274667,0.620579228
SEG46,2019,19,1.5243465,0.700217982,3.335757117,0.517703546,0.177347074,0.522870908
SEG46,2020,19,1.825100743,0.771519874,4.376748288,0.619846686,0.176123944,0.59539593
AEG02,2016,20,1.876570195,0.755442241,4.089013584,0.62641452,0.235015016,0.520427225
AEG02,2017,20,1.970590233,0.806083818,5.156867209,0.65779918,0.236153628,0.56993019
AEG04,2016,20,1.98150187,0.791011233,4.784946168,0.661441574,0.262961134,0.528050099
AEG04,2020,20,1.275653428,0.486434705,1.947172072,0.425823575,0.153912594,0.332522111
AEG05,2017,20,2.28499689,0.8334714,6.004974511,0.762750701,0.233960343,0.599511057
AEG19,2018,20,2.111423092,0.809793855,5.257453684,0.704810343,0.259385222,0.550408632
AEG24,2018,20,2.14936074,0.850062943,6.669465294,0.717474241,0.251942603,0.59812034
AEG35,2016,20,1.90208931,0.753323366,4.053890236,0.63493301,0.158325688,0.594997677
AEG35,2018,20,2.251913687,0.853328943,6.81797774,0.751707256,0.20349442,0.649834524
AEG37,2018,20,2.280707763,0.873958565,7.933898904,0.761318955,0.295396915,0.57856165
HEG01,2019,20,1.6940853,0.69593033,3.28871998,0.565499566,0.150902711,0.545027618
HEG02,2020,20,1.717636666,0.742108132,3.877594153,0.573361205,0.165224227,0.576883905
HEG22,2017,20,2.30025783,0.85872384,7.078335091,0.767844927,0.260546098,0.598177742
HEG33,2020,20,1.794339934,0.792464123,4.818444,0.598965385,0.149606835,0.642857289
HEG34,2017,20,2.340872524,0.8795101,8.299450845,0.781402445,0.242699231,0.63681087
HEG34,2018,20,2.271985101,0.856364043,6.962045045,0.758407258,0.2152169,0.641147143
HEG37,2016,20,2.191054714,0.855811634,6.93537232,0.731392032,0.15738361,0.698428025
SEG02,2017,20,2.077457601,0.816864796,5.460446583,0.693472384,0.236964985,0.57989981
SEG06,2018,20,1.911438056,0.777446261,4.493296788,0.638053698,0.202482682,0.574963579
SEG06,2019,20,1.805343461,0.748764726,3.980332792,0.602638452,0.184229008,0.564535718
SEG06,2020,20,2.275976875,0.856473047,6.967332488,0.759739745,0.208249555,0.648223492
SEG11,2018,20,2.271730661,0.849876335,6.661174993,0.758322324,0.325328662,0.524547673
SEG12,2018,20,2.355520987,0.875205888,8.013198556,0.786292222,0.266353554,0.608852334
SEG14,2016,20,2.105116153,0.808839514,5.231206622,0.702705035,0.1968866,0.611952914
SEG18,2020,20,2.341050583,0.876712462,8.111119905,0.781461883,0.188301792,0.688410671
SEG19,2018,20,1.986061182,0.810979067,5.290419353,0.66296351,0.175542932,0.635436135
SEG21,2017,20,1.772187203,0.752022273,4.03262023,0.591570621,0.196528025,0.555494248
SEG22,2020,20,2.151473795,0.853768182,6.838456984,0.718179596,0.150875621,0.70289256
SEG24,2018,20,1.814000469,0.775497571,4.454294798,0.605528233,0.261910474,0.513587098
SEG25,2016,20,1.705167532,0.719829781,3.569258724,0.569198906,0.172303594,0.547526186
SEG25,2018,20,2.161736443,0.829256435,5.856736093,0.721605352,0.232111144,0.597145291
SEG36,2020,20,2.253432982,0.857338682,7.009608586,0.752214409,0.208410997,0.648927685
AEG05,2018,21,1.954490447,0.757933144,4.131090132,0.641969467,0.217378635,0.540554509
AEG13,2018,21,2.130302724,0.802134273,5.053932359,0.699716546,0.251234538,0.550899735
AEG23,2016,21,2.340218725,0.841359093,6.30354438,0.768665291,0.210404889,0.630954204
AEG24,2019,21,2.151180392,0.844099754,6.414358064,0.706573998,0.266609521,0.577490233
AEG37,2020,21,2.020774392,0.833910965,6.020867043,0.663741008,0.266246941,0.567664024
AEG39,2018,21,2.283741603,0.864063404,7.356370772,0.750114887,0.299849078,0.564214326
HEG01,2020,21,1.393785252,0.653012603,2.881949049,0.457800946,0.139734796,0.513277806
HEG02,2018,21,1.431530346,0.545575055,2.200583419,0.470198652,0.143878422,0.401696633
HEG13,2020,21,1.696089206,0.703170971,3.368942728,0.557095321,0.205836239,0.497334732
HEG33,2017,21,2.68543437,0.920884356,12.63972527,0.882054386,0.231233026,0.68965133
HEG34,2016,21,2.485075849,0.889290575,9.032654589,0.816244879,0.223436287,0.665854288
HEG37,2018,21,2.218183951,0.84531265,6.464652718,0.728581903,0.167731341,0.677581308
SEG02,2019,21,2.021267689,0.777511644,4.494617235,0.663903036,0.182146314,0.595365329
SEG07,2018,21,1.792291219,0.749551971,3.992844365,0.588693713,0.231356028,0.518195943
SEG08,2018,21,2.2238768,0.847470147,6.55609364,0.730451769,0.269378363,0.578091784
SEG09,2016,21,2.418819555,0.874088407,7.942080464,0.79448242,0.224182043,0.649906364
SEG09,2017,21,2.429265301,0.868947648,7.630538346,0.797913417,0.224785086,0.644162562
SEG14,2017,21,2.353848096,0.845151394,6.457920571,0.773141977,0.212000428,0.633150966
SEG14,2019,21,2.170720734,0.840056188,6.252195612,0.712992194,0.218090262,0.621965926
SEG15,2020,21,2.505686464,0.893691538,9.406588923,0.823014616,0.236609071,0.657082467
SEG17,2017,21,1.733832671,0.658895018,2.931648768,0.569492492,0.168605557,0.490289461
SEG19,2016,21,2.067817632,0.794660998,4.869995429,0.679192772,0.175296561,0.619364437
SEG20,2019,21,2.170755539,0.845932725,6.490671039,0.713003627,0.210216133,0.635716592
SEG22,2016,21,2.211243872,0.825667236,5.736156398,0.726302373,0.20588387,0.619783366
SEG24,2016,21,1.971411583,0.77888351,4.522503041,0.647527362,0.200722578,0.578160932
SEG24,2019,21,1.802698748,0.720628295,3.579460558,0.592112157,0.219138002,0.501490292
SEG26,2020,21,2.017953946,0.817802721,5.48855618,0.662814608,0.336664731,0.481137991
SEG29,2018,21,2.55259687,0.902159951,10.22076352,0.838422748,0.269640378,0.632519573
SEG30,2020,21,1.789369996,0.778476813,4.514200123,0.587734212,0.150336992,0.62813982
SEG35,2020,21,1.525561972,0.667718433,3.009495857,0.501084161,0.144412468,0.523305965
SEG38,2019,21,1.938704958,0.824478942,5.697322087,0.636784585,0.180181557,0.644297385
SEG45,2019,21,2.391391328,0.887731552,8.907222127,0.785473379,0.233804644,0.653926909
SEG46,2018,21,2.150909521,0.8360924,6.100998355,0.706485028,0.216108987,0.619983413
SEG50,2020,21,2.288957154,0.874525834,7.969768036,0.75182798,0.186311524,0.68821431
AEG05,2016,22,2.391961101,0.867374109,7.540005905,0.77383638,0.20714441,0.660229699
AEG05,2019,22,2.303230492,0.846690803,6.522765896,0.745130656,0.240743792,0.605947011
AEG13,2016,22,2.670827889,0.911887507,11.34912841,0.864054095,0.264257417,0.647630089
AEG19,2016,22,2.05847885,0.790745642,4.778873002,0.665949718,0.218217455,0.572528188
AEG24,2016,22,1.864737912,0.777438468,4.493139444,0.603271531,0.183839861,0.593598607
AEG24,2017,22,2.177056517,0.840862769,6.283884614,0.704311426,0.213760669,0.627102099
AEG24,2020,22,2.014392022,0.812657277,5.337810755,0.651686948,0.258940456,0.553716822
AEG35,2020,22,2.471742169,0.892826394,9.330655507,0.799646788,0.188809672,0.704016721
AEG37,2019,22,1.885256519,0.810864477,5.287214086,0.609909617,0.261069198,0.549795279
AEG38,2019,22,2.169577537,0.836344036,6.110379206,0.70189186,0.168414922,0.667929114
AEG45,2020,22,2.450362096,0.880635722,8.377715802,0.792730004,0.335511357,0.545124365
AEG50,2016,22,2.342369408,0.874328421,7.957248611,0.757792701,0.362645401,0.511683019
HEG01,2018,22,2.368579516,0.871820724,7.801573192,0.766272076,0.198135399,0.673685325
HEG05,2017,22,2.402718702,0.868665597,7.6141512,0.77731663,0.2638538,0.604811798
HEG05,2018,22,2.49973086,0.89777208,9.782063462,0.808701562,0.257106729,0.640665351
HEG13,2017,22,2.378309447,0.869467637,7.660935379,0.769419858,0.239954037,0.6295136
HEG26,2017,22,2.375092162,0.879829749,8.321527124,0.768379017,0.216136838,0.663692912
HEG34,2019,22,1.789327582,0.776077093,4.465822691,0.578875124,0.183401236,0.592675857
HEG35,2020,22,2.108754335,0.824562397,5.700032268,0.682214614,0.184719894,0.639842503
SEG06,2017,22,1.833493328,0.708510005,3.430649482,0.593163425,0.184674428,0.523835577
SEG08,2016,22,2.031167935,0.808184683,5.213348011,0.657114215,0.278703952,0.529480731
SEG11,2016,22,2.410671001,0.865389141,7.428821177,0.779889321,0.30480514,0.560584001
SEG14,2018,22,2.240023609,0.847618868,6.562492275,0.724682253,0.224379634,0.623239234
SEG15,2016,22,2.334154432,0.850049052,6.668847462,0.755135029,0.300081966,0.549967086
SEG18,2017,22,2.110707738,0.82602048,5.747802948,0.68284657,0.185570311,0.640450168
SEG21,2016,22,2.149244749,0.822162525,5.623111768,0.695313889,0.204477641,0.617684884
SEG21,2018,22,2.171885006,0.828088246,5.816937917,0.702638362,0.198451192,0.629637054
SEG22,2019,22,2.108264867,0.821545533,5.603670316,0.682056264,0.153748556,0.667796977
SEG29,2017,22,2.408924001,0.87772903,8.178556193,0.77932414,0.262042781,0.615686248
SEG31,2017,22,2.290879728,0.853192546,6.811643243,0.741134993,0.205113766,0.64807878
SEG32,2020,22,1.885125489,0.78076069,4.561225813,0.609867227,0.163960742,0.616799948
SEG46,2016,22,1.996061632,0.788103735,4.719290355,0.645756783,0.213087533,0.575016202
SEG48,2020,22,1.602118766,0.619509098,2.628183738,0.518310179,0.147095242,0.472413857
AEG13,2017,23,2.50979054,0.894925872,9.51709064,0.800444959,0.25847831,0.636447562
AEG15,2020,23,2.284896992,0.854958565,6.894581526,0.728719887,0.224654884,0.630303681
AEG18,2016,23,2.392511897,0.876059064,8.068359265,0.7630414,0.313381142,0.562677922
AEG18,2019,23,2.328849253,0.867322068,7.53704844,0.742737538,0.231861198,0.63546087
AEG19,2017,23,2.094455536,0.824820065,5.708416311,0.667982586,0.194697543,0.630122522
AEG20,2017,23,2.027438294,0.807186839,5.186367953,0.646608845,0.205291643,0.601895196
AEG35,2019,23,2.294434195,0.860465588,7.166690916,0.731761578,0.202015133,0.658450455
AEG37,2017,23,2.066811807,0.829587302,5.868107303,0.6591662,0.256301967,0.573285334
AEG39,2016,23,2.187448329,0.790217528,4.766842481,0.697640684,0.233711505,0.556506023
AEG41,2018,23,2.4342816,0.876032884,8.06665534,0.776362969,0.224601022,0.651431861
AEG50,2018,23,2.356511455,0.856953529,6.990735186,0.751559816,0.289889032,0.567064497
HEG10,2016,23,2.020655292,0.809319139,5.244364813,0.644445549,0.149669228,0.65964991
HEG12,2017,23,2.393464073,0.877908556,8.190582128,0.763345077,0.209982645,0.667925911
HEG13,2016,23,2.483930047,0.880265459,8.351808867,0.792197299,0.228925423,0.651340036
HEG13,2019,23,1.735011769,0.69401259,3.268108322,0.553345549,0.182441703,0.511570887
HEG26,2016,23,2.219800241,0.847027126,6.537106723,0.707958646,0.178491685,0.668535441
HEG33,2019,23,2.530286072,0.894666406,9.49364742,0.806981579,0.227300959,0.667365447
HEG34,2020,23,1.716029589,0.736898371,3.800812645,0.547291582,0.192176271,0.5447221
HEG35,2016,23,2.408963728,0.878303828,8.217185313,0.768288366,0.180240138,0.69806369
HEG35,2017,23,2.14385025,0.810897394,5.28813443,0.683735993,0.187707957,0.623189437
HEG36,2016,23,2.246462354,0.860155425,7.150795792,0.716461967,0.171965299,0.688190126
HEG36,2017,23,1.931059044,0.767998916,4.310324693,0.615870708,0.170579897,0.597419019
HEG37,2017,23,2.01768364,0.809453533,5.248063731,0.643497803,0.154718194,0.654735339
SEG04,2016,23,2.499488742,0.872059094,7.816108476,0.797159417,0.305025526,0.567033568
SEG08,2017,23,1.284224325,0.497000543,1.988073717,0.409576365,0.153283122,0.343717421
SEG08,2019,23,2.206091207,0.833947381,6.022187475,0.703586438,0.252092604,0.581854777
SEG15,2018,23,2.311031221,0.867617274,7.553855639,0.737054851,0.344269376,0.523347899
SEG26,2018,23,2.438446132,0.88896471,9.006145673,0.777691159,0.415683404,0.473281306
SEG29,2019,23,2.545095144,0.896099623,9.624604127,0.811704621,0.252062421,0.644037202
SEG46,2017,23,1.869718335,0.760652496,4.178025609,0.596307378,0.201394905,0.559257591
SEG47,2020,23,1.791583601,0.717441109,3.539085242,0.571387946,0.141184743,0.576256366
SEG48,2018,23,2.53945851,0.900759426,10.07652373,0.809906935,0.232014933,0.668744493
AEG06,2018,24,2.177582375,0.854396991,6.867989926,0.685193672,0.314662974,0.539734017
AEG06,2020,24,1.098387983,0.398000524,1.661131013,0.345616544,0.119798353,0.278202171
AEG12,2020,24,1.750372584,0.659753041,2.939041696,0.550768702,0.169071141,0.4906819
AEG15,2019,24,2.359038276,0.877356371,8.153705206,0.74229022,0.217304308,0.660052063
AEG18,2018,24,2.556118761,0.906733497,10.72196305,0.804303167,0.328786838,0.577946659
AEG18,2020,24,2.269119283,0.851177766,6.719426088,0.713996491,0.222050867,0.6291269
AEG19,2020,24,2.344349869,0.857727148,7.028747851,0.737668395,0.212629633,0.645097515
AEG20,2020,24,1.946930395,0.802209357,5.055850905,0.612617186,0.204137342,0.598072015
AEG36,2016,24,2.381646872,0.868460052,7.602253289,0.749404195,0.194033761,0.674426291
AEG36,2017,24,2.228623928,0.82626996,5.756056941,0.701254304,0.195856672,0.630413288
AEG36,2019,24,2.281982038,0.861404443,7.215238535,0.71804386,0.24264716,0.618757283
AEG37,2016,24,1.930325743,0.741827906,3.873385328,0.6073924,0.290942309,0.450885598
AEG39,2017,24,2.427768976,0.869793353,7.680099477,0.763916883,0.277159533,0.592633821
AEG39,2019,24,2.268344516,0.85711888,6.998825323,0.713752704,0.272237232,0.584881648
AEG41,2016,24,1.849025578,0.73786252,3.814792142,0.581810654,0.190147576,0.547714943
AEG41,2017,24,2.226719579,0.841327666,6.302295893,0.700655086,0.197854736,0.64347293
AEG45,2018,24,2.156057247,0.851231905,6.721871396,0.678420619,0.343843523,0.507388383
AEG48,2018,24,2.13731434,0.824599601,5.701241294,0.672523014,0.213562202,0.611037399
AEG50,2017,24,2.524246039,0.889517521,9.051208962,0.794274161,0.305777989,0.583739532
HEG05,2016,24,2.335651528,0.851020408,6.712328767,0.734931393,0.244147196,0.606873212
HEG22,2020,24,2.123551218,0.843550101,6.391822599,0.668192338,0.217360557,0.626189544
HEG33,2016,24,2.62650987,0.903760803,10.39077662,0.826452291,0.230707141,0.673053662
HEG35,2018,24,2.489970247,0.880854502,8.393099316,0.783489009,0.222132028,0.658722474
HEG37,2019,24,2.103829552,0.820116166,5.559143251,0.661986758,0.150439932,0.669676235
HEG37,2020,24,1.565415034,0.646212963,2.826559188,0.492570333,0.135695503,0.51051746
SEG06,2016,24,2.062339199,0.786394531,4.681528069,0.648931487,0.203825457,0.582569074
SEG15,2017,24,1.81076011,0.720471151,3.577448285,0.569770119,0.220333521,0.500137631
SEG15,2019,24,2.2764325,0.8430117,6.369901442,0.716297653,0.258475235,0.584536465
SEG17,2018,24,2.241107794,0.83499907,6.060571901,0.705182452,0.213505915,0.621493155
SEG26,2016,24,2.607378062,0.900882647,10.08905071,0.820432315,0.357730763,0.543151884
SEG31,2020,24,1.967838121,0.812743056,5.340255902,0.619195969,0.160367521,0.652375535
SEG34,2019,24,2.080553684,0.817616782,5.482960598,0.65466282,0.224959734,0.592657048
SEG34,2020,24,1.849876647,0.741185693,3.863774035,0.58207845,0.206238838,0.534946855
SEG36,2019,24,2.094602687,0.814895125,5.402342853,0.659083451,0.200212503,0.614682622
SEG39,2020,24,2.242094794,0.863529967,7.32761602,0.70549302,0.189158039,0.674371928
SEG42,2016,24,2.431709185,0.872677242,7.854055447,0.765156701,0.262727424,0.609949818
SEG42,2020,24,2.364407611,0.881335143,8.427094821,0.743979724,0.236746811,0.644588333
SEG47,2019,24,2.300241425,0.855773607,6.933543728,0.723789321,0.196124133,0.659649475
SEG50,2019,24,2.126524153,0.827168956,5.785997555,0.669127795,0.188850583,0.638318373
AEG05,2020,25,2.193885474,0.819129165,5.52880735,0.681568844,0.242464606,0.576664559
AEG06,2019,25,2.367441733,0.881349491,8.428113881,0.735487127,0.291111973,0.590237518
AEG12,2016,25,2.646868401,0.902232026,10.22829833,0.822295902,0.217315919,0.684916108
AEG15,2018,25,2.465344781,0.895303456,9.551413664,0.765902419,0.209752166,0.68555129
AEG18,2017,25,2.586996775,0.898219062,9.825022405,0.803695736,0.312443888,0.585775174
AEG20,2016,25,2.3401026,0.871009948,7.752535837,0.726993748,0.201262807,0.669747141
AEG21,2016,25,2.402949182,0.846280743,6.505365826,0.746518136,0.22640554,0.619875203
AEG35,2017,25,2.289933156,0.861253744,7.207401684,0.711407734,0.154584949,0.706668795
AEG36,2018,25,2.537884989,0.895181602,9.540309903,0.788438302,0.21253834,0.682643262
AEG38,2018,25,2.166309021,0.854035827,6.850996218,0.673001737,0.181413197,0.67262263
AEG38,2020,25,2.283052136,0.850203175,6.67570891,0.709270025,0.2048766,0.645326575
AEG42,2017,25,2.634251057,0.903515536,10.36436287,0.818376104,0.22156659,0.681948945
AEG45,2019,25,2.385916558,0.869522733,7.664170315,0.741226654,0.375291296,0.494231437
AEG48,2019,25,2.026148721,0.802509643,5.063538371,0.629458491,0.184722164,0.61778748
AEG49,2017,25,2.094157372,0.821389932,5.598788523,0.650586567,0.171780567,0.649609365
HEG02,2019,25,2.199132326,0.836945246,6.132909198,0.68319887,0.235258736,0.60168651
HEG06,2016,25,2.530740104,0.870325024,7.711588058,0.786218618,0.271739082,0.598585942
HEG12,2020,25,1.896561262,0.794009924,4.85460281,0.589199884,0.172675498,0.621334426
HEG13,2018,25,2.585526411,0.895205454,9.542481331,0.803238942,0.237974285,0.657231169
HEG15,2016,25,2.564174569,0.900455418,10.04575019,0.796605619,0.256328797,0.644126621
HEG32,2018,25,2.220407749,0.812015102,5.319576268,0.689808452,0.191689022,0.62032608
HEG39,2017,25,2.450473799,0.861620011,7.226478414,0.761282489,0.238046187,0.623573825
HEG40,2020,25,1.696824454,0.724694588,3.632329605,0.527148156,0.213733776,0.510960811
SEG18,2016,25,2.497533034,0.885176871,8.709046759,0.775902262,0.217489558,0.667687312
SEG32,2018,25,1.951000013,0.752102441,4.033924349,0.606112233,0.169575427,0.582527014
SEG33,2020,25,2.243860738,0.851021356,6.712371489,0.697094532,0.248135793,0.602885563
SEG36,2016,25,2.387936723,0.869836742,7.682659593,0.741854254,0.194903503,0.67493324
SEG43,2017,25,2.091587361,0.775404645,4.45245183,0.649788148,0.201402052,0.574002593
SEG44,2016,25,2.466663851,0.880141901,8.343199202,0.766312211,0.238134973,0.642006927
SEG47,2018,25,2.573659407,0.907980233,10.86723033,0.79955225,0.22122187,0.686758363
AEG01,2016,26,2.742489257,0.914265318,11.6638912,0.841745855,0.308049026,0.606216292
AEG12,2018,26,1.907535361,0.764463599,4.245628266,0.585475396,0.213500482,0.550963117
AEG14,2016,26,2.707722244,0.911918831,11.35316451,0.831074897,0.337662307,0.574256524
AEG23,2018,26,2.423024743,0.883011692,8.547862755,0.743693354,0.213873287,0.669138405
AEG23,2019,26,2.367282257,0.872357752,7.834396631,0.726584443,0.316036486,0.556321266
AEG26,2019,26,1.550479117,0.676286676,3.089153046,0.475884953,0.150086978,0.526199698
AEG38,2016,26,2.635732797,0.900108058,10.01081745,0.808979343,0.187300737,0.71280732
AEG41,2020,26,2.088838548,0.806448176,5.166574931,0.641122362,0.190505801,0.615942375
AEG42,2016,26,2.600284146,0.906624898,10.70949302,0.798099171,0.282070152,0.624554746
AEG43,2016,26,2.478819201,0.890202254,9.107655073,0.760818218,0.231758999,0.658443255
AEG45,2016,26,2.396777412,0.869190405,7.644699152,0.735637322,0.370999686,0.498190719
AEG45,2017,26,2.557210964,0.887266164,8.870451248,0.784878819,0.343277387,0.543988777
AEG48,2020,26,2.392422871,0.866367883,7.483230987,0.734300793,0.20208082,0.664287063
AEG49,2016,26,2.174163833,0.856318254,6.959826351,0.667311054,0.166592582,0.689725672
AEG50,2019,26,2.479621818,0.872132964,7.82062391,0.761064563,0.291373385,0.580759579
HEG05,2020,26,2.067973572,0.813992173,5.376117848,0.634718323,0.199453132,0.614539041
HEG12,2016,26,2.230847127,0.845910173,6.489721069,0.684708725,0.196431712,0.64947846
HEG26,2018,26,2.497755623,0.859938629,7.13972733,0.76663033,0.246448619,0.61349001
SEG13,2020,26,2.29926138,0.861607411,7.225820464,0.705706953,0.177419968,0.684187444
SEG26,2019,26,2.373084392,0.879898501,8.326290739,0.728365278,0.366970325,0.512928176
SEG30,2016,26,2.18794761,0.768049937,4.311272808,0.671541676,0.196250201,0.571799736
SEG32,2019,26,1.824753063,0.720375879,3.576229389,0.560067218,0.165276699,0.55509918
SEG35,2018,26,2.380694202,0.870851325,7.743014038,0.73070094,0.206453003,0.664398322
SEG35,2019,26,1.857645027,0.759486981,4.157779086,0.570162672,0.175059782,0.584427199
SEG39,2019,26,2.345451507,0.867179542,7.528960642,0.719883981,0.229426254,0.637753288
SEG44,2018,26,2.537899483,0.892977357,9.343817083,0.778951591,0.230379164,0.662598193
SEG45,2016,26,2.323348637,0.844052538,6.41241598,0.713099999,0.228668322,0.615384215
AEG01,2018,27,2.42739319,0.885969031,8.769547509,0.736502833,0.341622126,0.544346905
AEG08,2018,27,1.120080972,0.400554734,1.66820902,0.339847212,0.089429935,0.311124799
AEG13,2019,27,2.265926353,0.852035078,6.75835857,0.687511684,0.284567464,0.567467614
AEG15,2017,27,2.497465164,0.893293652,9.371513664,0.757763587,0.211532061,0.681761591
AEG20,2019,27,2.112811869,0.824024437,5.682607198,0.641054747,0.227847985,0.596176452
AEG21,2017,27,2.501835244,0.871844708,7.803033223,0.759089526,0.258189552,0.613655156
AEG21,2018,27,2.110612492,0.804983693,5.127776315,0.640387428,0.27327338,0.531710313
AEG23,2017,27,2.217972783,0.84783764,6.571927496,0.672961944,0.219798249,0.628039391
AEG41,2019,27,2.531275656,0.884684771,8.671881473,0.768022132,0.242614121,0.64207065
AEG44,2016,27,2.595436418,0.875710217,8.045713621,0.787489346,0.263140461,0.612569756
AEG44,2019,27,2.189712839,0.836655557,6.122032573,0.664387507,0.23575862,0.600896937
AEG46,2017,27,2.421730356,0.875665834,8.042841579,0.734784655,0.21126984,0.664395994
AEG48,2016,27,2.613184301,0.896843604,9.694018354,0.792874286,0.217898979,0.678944625
AEG48,2017,27,2.460535525,0.878032836,8.198928038,0.746558651,0.218656772,0.659376064
HEG10,2017,27,2.474009669,0.885183923,8.709581679,0.750646882,0.173677614,0.711506309
HEG22,2018,27,2.786987985,0.922735581,12.94256798,0.845608596,0.292406876,0.630328704
HEG30,2017,27,2.637755862,0.895595074,9.578092118,0.800329619,0.244386977,0.651208097
HEG32,2019,27,2.102174383,0.825803245,5.740635053,0.637827195,0.212209046,0.613594198
HEG32,2020,27,1.896483535,0.794251528,4.86030341,0.575417902,0.199525993,0.594725535
HEG35,2019,27,1.7935112,0.718517589,3.552619846,0.544174749,0.175571381,0.542946208
HEG40,2018,27,2.71847653,0.899425483,9.942876464,0.824821325,0.391493965,0.507931518
HEG48,2016,27,2.616679712,0.904718031,10.4951651,0.793934839,0.186428967,0.718289064
HEG48,2017,27,2.451687379,0.886093802,8.779153563,0.743874008,0.179144591,0.706949212
SEG18,2019,27,2.377574219,0.864102535,7.358488983,0.721387106,0.210027759,0.654074776
SEG31,2018,27,2.140886727,0.809605442,5.252250965,0.649573026,0.197230774,0.612374668
SEG32,2016,27,2.185601152,0.803094511,5.078578581,0.663139968,0.199277939,0.603816572
SEG33,2016,27,2.444384249,0.870891091,7.7453989,0.741658143,0.308220323,0.562670768
SEG34,2016,27,2.473868344,0.878931687,8.259799599,0.750604003,0.250126187,0.6288055
SEG35,2016,27,2.316388806,0.858339036,7.05910769,0.702822652,0.218395651,0.639943385
SEG35,2017,27,2.371130816,0.863569305,7.329728842,0.719432093,0.227276921,0.636292384
SEG36,2018,27,2.325629089,0.860379468,7.162270368,0.705626274,0.212835418,0.64754405
SEG38,2016,27,2.488942509,0.878053912,8.200345051,0.755177701,0.193093537,0.684960375
SEG39,2016,27,2.591527179,0.894386363,9.468474247,0.786303232,0.236564028,0.657822336
SEG42,2019,27,2.314063142,0.861071592,7.197951909,0.702117015,0.282493876,0.578577716
SEG43,2018,27,2.087114912,0.8164399,5.447807005,0.633257955,0.208540793,0.607899107
SEG47,2016,27,2.570439866,0.894161159,9.448327232,0.779905065,0.211004576,0.683156583
SEG48,2017,27,2.27519844,0.858976572,7.091020385,0.690324956,0.242416858,0.616559714
AEG01,2020,28,2.44855264,0.867595461,7.552611148,0.734814635,0.319506696,0.548088765
AEG03,2016,28,2.881690134,0.91847147,12.26564496,0.864799902,0.237836567,0.680634904
AEG06,2017,28,2.191743345,0.80854857,5.223256875,0.657745747,0.201905943,0.606642627
AEG07,2020,28,2.43599198,0.876017733,8.065669587,0.73104516,0.215675258,0.660342475
AEG11,2019,28,1.936171113,0.731328064,3.722011371,0.581048104,0.20082998,0.530498084
AEG12,2019,28,2.188975212,0.840140479,6.25549227,0.656915026,0.262714166,0.577426313
AEG13,2020,28,2.419338144,0.830064168,5.884574112,0.726047317,0.230074211,0.599989956
AEG14,2018,28,2.655566996,0.91429601,11.66806817,0.79693998,0.287215049,0.627080961
AEG14,2019,28,2.446632026,0.874108173,7.943327416,0.734238255,0.293408981,0.580699193
AEG15,2016,28,2.275409122,0.860246214,7.155441237,0.682853983,0.197792796,0.662453419
AEG23,2020,28,2.008375439,0.803220306,5.081825168,0.60271674,0.268667181,0.534553125
AEG26,2018,28,2.433011425,0.86033599,7.160040734,0.730150691,0.200489323,0.659846667
AEG32,2016,28,2.209672914,0.813829469,5.371419388,0.66312644,0.185236286,0.628593183
AEG36,2020,28,2.572291385,0.874590726,7.973891972,0.771948834,0.225377966,0.649212761
AEG38,2017,28,2.895754156,0.934539114,15.2762979,0.869020538,0.207463653,0.72707546
AEG39,2020,28,2.421065437,0.875014038,8.000898563,0.72656568,0.294479912,0.580534127
AEG44,2017,28,2.328417461,0.839609977,6.234801787,0.698761872,0.264348363,0.575261614
AEG44,2018,28,2.788946204,0.921124212,12.67816174,0.836967298,0.251833582,0.66929063
AEG46,2016,28,2.083139621,0.810909348,5.288468733,0.625153593,0.192403296,0.618506052
AEG47,2020,28,2.170847766,0.819486461,5.539750678,0.65147495,0.211888348,0.607598113
HEG05,2019,28,2.559776656,0.90052105,10.05237792,0.768193143,0.248998579,0.651522471
HEG06,2017,28,2.75935199,0.913692268,11.58644746,0.828086026,0.266170736,0.647521533
HEG06,2018,28,2.745355618,0.902421253,10.24813327,0.823885692,0.249846556,0.652574697
HEG10,2018,28,2.747123936,0.915943064,11.89669824,0.824416367,0.215348907,0.700594158
HEG12,2019,28,2.51230768,0.882030373,8.476758182,0.753947626,0.197389321,0.684641052
HEG14,2017,28,2.581788581,0.898993045,9.900308325,0.774798958,0.236118981,0.662874064
HEG15,2017,28,2.72973592,0.913509019,11.5618991,0.819198195,0.264830102,0.648678917
SEG18,2018,28,2.319092157,0.873344419,7.895427853,0.695963333,0.20470484,0.668639579
SEG30,2017,28,2.13048589,0.7864312,4.682331868,0.639362285,0.190843182,0.595588018
SEG30,2018,28,2.079935334,0.76070012,4.178857092,0.624191981,0.17905785,0.58164227
SEG30,2019,28,2.05726594,0.784747562,4.645708117,0.617388859,0.180496294,0.604251268
SEG31,2016,28,2.032268869,0.792374786,4.816370712,0.609887197,0.180975464,0.611399322
SEG33,2017,28,1.741965008,0.667397288,3.006590036,0.522766536,0.210932268,0.45646502
SEG34,2017,28,2.298135084,0.849743283,6.65527652,0.689674081,0.237938391,0.611804892
SEG36,2017,28,2.420251625,0.855031098,6.898031155,0.726321454,0.20622419,0.648806908
SEG38,2018,28,2.243891982,0.841997836,6.329027245,0.673395638,0.191702438,0.650295398
SEG41,2017,28,1.514614769,0.610112648,2.564843393,0.454538359,0.183059507,0.427053141
SEG42,2018,28,2.298874925,0.85876953,7.080625026,0.689896109,0.293865048,0.564904482
SEG43,2019,28,2.220373923,0.80694005,5.179738203,0.66633783,0.223280131,0.583659918
SEG44,2019,28,2.2499383,0.833371913,6.001389203,0.675210148,0.23183679,0.601535123
SEG47,2017,28,2.309914709,0.864433423,7.376449435,0.693209166,0.211817082,0.652616341
SEG48,2019,28,2.110584924,0.815731386,5.426860174,0.633389973,0.219322553,0.596408833
SEG49,2019,28,2.231553551,0.82500226,5.714359513,0.669692855,0.186319074,0.638683186
SEG49,2020,28,2.158099628,0.831452946,5.93306128,0.647649213,0.17978924,0.651663706
AEG01,2019,29,2.261201702,0.840324379,6.262696797,0.671518576,0.287182506,0.553141873
AEG07,2019,29,2.29438088,0.872644266,7.852021795,0.681371936,0.22744222,0.645202046
AEG09,2020,29,1.90524904,0.697288526,3.303475703,0.565809818,0.160410967,0.536877559
AEG11,2017,29,2.397701786,0.855487576,6.919820265,0.71205558,0.236135528,0.619352048
AEG12,2017,29,2.495497435,0.867853195,7.567341489,0.741098365,0.210501839,0.657351356
AEG26,2020,29,2.312337201,0.823653118,5.67064179,0.6867045,0.181044326,0.642608792
AEG31,2018,29,2.342168574,0.845777746,6.484148521,0.695563649,0.274550565,0.571227181
AEG31,2019,29,2.125326261,0.789415148,4.748679634,0.631167075,0.2248716,0.564543548
AEG43,2018,29,2.499582294,0.888364001,8.957684012,0.742311463,0.314356372,0.57400763
AEG46,2019,29,1.997479288,0.788947823,4.738164816,0.593199822,0.222882099,0.566065724
AEG50,2020,29,2.136756526,0.827472547,5.796179013,0.634561569,0.248272104,0.579200443
HEG07,2020,29,2.308505941,0.86682169,7.508730222,0.685566715,0.231943503,0.634878187
HEG11,2016,29,2.056191167,0.725365689,3.641205631,0.610635736,0.181025794,0.544339895
HEG14,2016,29,2.562551291,0.895357922,9.556385148,0.761011631,0.237808403,0.657549519
HEG14,2018,29,2.634323398,0.900168762,10.01690476,0.782326095,0.26778123,0.632387532
HEG16,2016,29,2.847939044,0.9170304,12.05260717,0.845764432,0.242764671,0.674265728
HEG21,2020,29,1.8286182,0.730661066,3.712794088,0.543052435,0.143029897,0.58763117
HEG30,2016,29,2.565359075,0.880422428,8.362772209,0.76184547,0.23945237,0.640970057
HEG30,2020,29,2.191706521,0.837961566,6.171375373,0.6508803,0.228049217,0.609912349
HEG40,2017,29,2.627946752,0.905940674,10.63158801,0.780432396,0.42573912,0.480201554
HEG48,2020,29,1.841179455,0.770661058,4.360358486,0.546782804,0.145404712,0.625256346
SEG26,2017,29,2.599235589,0.905269623,10.55627595,0.771905921,0.348894384,0.55637524
SEG34,2018,29,2.308726091,0.858582381,7.071254661,0.685632094,0.231847796,0.626734585
SEG37,2019,29,2.306018363,0.8474751,6.556306544,0.684827969,0.200515575,0.646959525
SEG39,2017,29,2.433450304,0.862947757,7.296487672,0.722671968,0.235425447,0.627522311
SEG39,2018,29,2.524574998,0.874659809,7.9782869,0.749733651,0.240837263,0.633822546
SEG40,2016,29,2.30517524,0.835191263,6.067639485,0.684577583,0.214990962,0.620200301
SEG41,2019,29,1.916101323,0.788075151,4.718653837,0.569032666,0.167766657,0.620308494
SEG44,2017,29,2.45482716,0.858218549,7.053108808,0.729020343,0.249246609,0.60897194
SEG45,2017,29,2.462540185,0.865119684,7.413980277,0.731310912,0.257111827,0.608007857
SEG49,2016,29,2.796386572,0.921028675,12.66282421,0.830454677,0.216487443,0.704541233
AEG01,2017,30,2.446069655,0.8717149,7.79513757,0.719178977,0.335362025,0.536352875
AEG03,2018,30,2.797607869,0.923446892,13.06282688,0.82253617,0.261170816,0.662276076
AEG06,2016,30,2.255495503,0.799469398,4.986770038,0.663147489,0.196244323,0.603225075
AEG07,2018,30,2.731250667,0.918188264,12.22318515,0.803026217,0.233075832,0.685112431
AEG11,2018,30,2.605575841,0.899055488,9.906432583,0.766076046,0.214248202,0.684807287
AEG11,2020,30,2.110978952,0.810802975,5.28549536,0.620657585,0.233481783,0.577321191
AEG14,2017,30,2.623700051,0.899484942,9.948758118,0.771404819,0.268292934,0.631192008
AEG21,2019,30,2.534439023,0.902452739,10.25144111,0.745160818,0.269934899,0.63251784
AEG34,2017,30,2.273725985,0.820033235,5.556581526,0.668507508,0.208828426,0.611204809
AEG44,2020,30,2.44748834,0.87073374,7.735970686,0.719596091,0.248382563,0.622351177
AEG47,2016,30,2.60527442,0.872798929,7.86156904,0.765987424,0.218207027,0.654591902
HEG21,2018,30,2.963917823,0.937406313,15.9760519,0.871433643,0.237648824,0.699757488
HEG22,2019,30,2.380835653,0.863328337,7.316805687,0.699999261,0.229627022,0.633701315
HEG26,2020,30,1.907792526,0.746293969,3.941569679,0.56091791,0.155627598,0.590666371
HEG40,2016,30,2.716745798,0.911132208,11.25267074,0.798761581,0.390364821,0.520767388
HEG46,2016,30,1.834669426,0.756687369,4.1099387,0.539418687,0.17233517,0.584352198
SEG31,2019,30,2.287516432,0.840239303,6.259361775,0.672562094,0.195441757,0.644797546
SEG41,2018,30,2.404563526,0.857138762,6.999799368,0.70697559,0.214726621,0.642412141
SEG42,2017,30,2.407792407,0.878099909,8.203439309,0.707924927,0.264869932,0.613229977
SEG50,2018,30,2.834294079,0.930322859,14.35190929,0.833322434,0.229640964,0.700681895
AEG07,2017,31,2.766697134,0.920979717,12.65497872,0.805680676,0.231737933,0.689241784
AEG08,2019,31,2.001104113,0.778061224,4.505747126,0.582734877,0.206331268,0.571729957
AEG10,2016,31,2.228968673,0.822386389,5.63019914,0.649090559,0.190628095,0.631758294
AEG16,2016,31,2.712327452,0.902480563,10.254366,0.789847862,0.25218752,0.650293043
AEG21,2020,31,2.487993477,0.886130364,8.781972404,0.724520311,0.270317037,0.615813327
AEG34,2018,31,2.383764885,0.859584366,7.121714093,0.694168249,0.231080419,0.628503947
AEG42,2020,31,2.352828554,0.855954618,6.942256571,0.685159383,0.190792581,0.665162037
AEG43,2019,31,2.20322893,0.810507219,5.277245882,0.641594974,0.227441633,0.583065585
AEG47,2019,31,2.182276426,0.833034259,5.989252607,0.635493465,0.219535921,0.613498338
HEG06,2019,31,2.140236952,0.836234697,6.106299565,0.623251289,0.209611125,0.626623572
HEG14,2020,31,1.901214349,0.812089064,5.32167005,0.553646311,0.156929388,0.655159676
HEG21,2016,31,2.431352033,0.865554419,7.437953666,0.708025944,0.19333492,0.672219499
HEG21,2019,31,2.388080911,0.840718247,6.278183047,0.695425105,0.170328348,0.670389899
HEG24,2017,31,2.973071454,0.937246914,15.93547118,0.865778256,0.281098436,0.656148478
HEG24,2018,31,2.955488706,0.936012593,15.62807511,0.860658043,0.3007972,0.635215394
HEG28,2017,31,2.701846159,0.894956991,9.519910083,0.78679564,0.247608755,0.647348236
HEG30,2018,31,2.774573598,0.902880221,10.2965638,0.807974355,0.258074023,0.644806198
HEG31,2016,31,2.618735866,0.891675484,9.231520591,0.762593367,0.26862496,0.623050524
HEG39,2018,31,2.920909304,0.93219516,14.74820975,0.85058829,0.325844902,0.606350258
HEG46,2020,31,1.460385346,0.619616159,2.628923449,0.425273963,0.155163881,0.464452278
HEG47,2016,31,2.856665204,0.925436998,13.41147727,0.831879979,0.255032444,0.670404554
HEG47,2017,31,2.953754711,0.934173325,15.19140982,0.860153092,0.273463262,0.660710063
HEG48,2018,31,2.76817991,0.903288949,10.34007995,0.806112471,0.228146316,0.675142633
HEG49,2017,31,2.778499792,0.907241538,10.78068754,0.809117689,0.297726617,0.60951492
SEG32,2017,31,2.429539188,0.864289816,7.368643734,0.707498032,0.202864639,0.661425177
SEG40,2017,31,2.14197841,0.836671893,6.122644893,0.623758413,0.214665694,0.6220062
SEG45,2018,31,2.787485908,0.920091669,12.51433968,0.811734506,0.275814327,0.644277342
SEG49,2018,31,2.816935481,0.925777694,13.47303872,0.820310419,0.219030991,0.706746703
SEG50,2017,31,2.608965439,0.904289201,10.44814185,0.759748154,0.241045729,0.663243472
AEG03,2017,32,2.728448702,0.902033959,10.2076188,0.787263882,0.224467395,0.677566564
AEG07,2016,32,2.94658563,0.932913804,14.90619624,0.850204895,0.207946185,0.724967619
AEG10,2018,32,2.593427318,0.878334643,8.219266538,0.748304946,0.215849105,0.662485538
AEG11,2016,32,2.474366736,0.886341951,8.798321034,0.713951324,0.229273642,0.657068309
AEG17,2018,32,2.73011661,0.89145338,9.212631443,0.787745139,0.230257494,0.661195886
AEG17,2019,32,2.376097584,0.849765434,6.656257807,0.68559684,0.220886125,0.62887931
AEG27,2018,32,2.674831152,0.901821392,10.18551818,0.771793128,0.212968309,0.688853083
AEG32,2019,32,1.268933966,0.471885486,1.893528719,0.366136948,0.114087991,0.357797495
AEG34,2016,32,2.75239782,0.906423717,10.68646853,0.794174137,0.218765538,0.687658179
AEG34,2019,32,1.951777064,0.795718557,4.895207246,0.563163818,0.215820893,0.579897664
AEG40,2018,32,2.562395604,0.894592389,9.486980931,0.739351086,0.240144754,0.654447635
AEG42,2019,32,2.444575677,0.883516939,8.584939201,0.705355441,0.221324151,0.662192788
AEG43,2017,32,2.28556239,0.842689043,6.356836297,0.659473905,0.18586892,0.656820123
HEG06,2020,32,1.754386856,0.752192485,4.035390129,0.506209044,0.220816676,0.531375809
HEG11,2017,32,2.472952114,0.854588235,6.877022654,0.71354315,0.195180951,0.659407285
HEG15,2020,32,2.088886385,0.81052542,5.277752814,0.602725206,0.2102396,0.60028582
HEG19,2017,32,3.086176925,0.946081161,18.54639353,0.890482429,0.257922029,0.688159132
HEG23,2020,32,2.651158999,0.903321912,10.34360543,0.764962788,0.213370697,0.689951215
HEG24,2016,32,3.057723737,0.943913275,17.82953111,0.882272574,0.295164736,0.648748539
HEG27,2020,32,1.841694325,0.753554202,4.057687361,0.531400654,0.162076384,0.591477817
HEG29,2016,32,2.768838887,0.902730908,10.28075803,0.798918026,0.252307219,0.650423689
HEG29,2017,32,2.910661003,0.932997338,14.92478026,0.839839239,0.262199186,0.670798153
HEG30,2019,32,2.464081883,0.877766793,8.181082914,0.710983743,0.24092923,0.636837563
HEG36,2019,32,2.488855112,0.864031371,7.354637689,0.718131785,0.179741426,0.684289945
HEG39,2016,32,2.516014083,0.880271811,8.352251927,0.725968208,0.224892349,0.655379462
HEG40,2019,32,2.499878758,0.882206986,8.48946779,0.721312537,0.362593985,0.519613001
HEG49,2016,32,2.499911824,0.855751879,6.932499294,0.721322078,0.262801705,0.592950174
SEG13,2016,32,2.915160405,0.930277825,14.34263917,0.841137492,0.248554013,0.681723812
SEG13,2018,32,2.795176453,0.918968557,12.34088852,0.806517442,0.217926641,0.701041917
SEG13,2019,32,2.815113037,0.921929264,12.80889685,0.812269924,0.23497116,0.686958105
SEG33,2018,32,2.44732792,0.881162689,8.414865563,0.706149571,0.337629108,0.54353358
SEG37,2016,32,2.469020051,0.842957639,6.367708633,0.712408597,0.220904372,0.622053266
SEG37,2018,32,2.468334192,0.880190482,8.346582313,0.7122107,0.22274966,0.657440822
SEG38,2017,32,2.672325611,0.905798821,10.61557842,0.771070181,0.19577188,0.710026942
SEG48,2016,32,2.667070913,0.90319611,10.33016335,0.769553996,0.243100337,0.660095773
AEG09,2018,33,2.000050377,0.710584362,3.455238312,0.572013743,0.168695555,0.541888807
AEG16,2020,33,1.893278033,0.749663981,3.994630911,0.541476888,0.208817663,0.540846318
AEG17,2016,33,2.77051342,0.905061563,10.53314155,0.792365917,0.22632821,0.678733352
AEG26,2017,33,2.461093651,0.85121662,6.721180799,0.703871966,0.190597396,0.660619223
AEG29,2016,33,2.924879312,0.929844045,14.25395756,0.836514511,0.25168407,0.678159975
AEG29,2020,33,2.30587733,0.81725366,5.472065829,0.65948015,0.222711527,0.594542133
AEG30,2019,33,2.075026319,0.713849872,3.494669061,0.593456837,0.194592513,0.519257358
AEG32,2018,33,2.502095374,0.879738225,8.315194071,0.715598445,0.186337394,0.693400831
AEG33,2017,33,2.205003899,0.780270429,4.551048795,0.630630382,0.178057411,0.602213018
AEG33,2018,33,2.145060568,0.815844808,5.430202588,0.613486609,0.229007327,0.586837481
AEG33,2019,33,2.009755598,0.810548476,5.278395134,0.574789433,0.221949655,0.588598822
AEG40,2019,33,2.766030688,0.918228338,12.22917543,0.791083857,0.253708485,0.664519853
AEG46,2020,33,2.035787466,0.811605749,5.308017606,0.582234538,0.223103107,0.588502643
AEG47,2017,33,2.289843607,0.829015998,5.848500385,0.65489451,0.206711883,0.622304115
AEG49,2020,33,1.672729424,0.638951877,2.769713887,0.478400059,0.128998056,0.509953821
HEG07,2017,33,2.646183858,0.890973055,9.172044592,0.756807703,0.244398582,0.646574473
HEG08,2016,33,3.070021851,0.94280012,17.48255424,0.878025229,0.216682438,0.726117682
HEG08,2018,33,2.905674784,0.927937645,13.87687099,0.831022022,0.239953372,0.687984274
HEG14,2019,33,2.51022231,0.889963378,9.087883454,0.717922746,0.215247558,0.67471582
HEG16,2020,33,1.862458682,0.716621592,3.528850375,0.532662564,0.142836323,0.573785269
HEG19,2016,33,2.950465658,0.926280081,13.56485485,0.843832197,0.238353669,0.687926412
HEG21,2017,33,2.771073212,0.90855329,10.93533054,0.792526017,0.193994623,0.714558667
HEG25,2016,33,2.580957154,0.893333435,9.375008941,0.738152888,0.216259236,0.677074199
HEG26,2019,33,2.572169567,0.886574269,8.816341675,0.735639641,0.21678094,0.669793329
HEG27,2016,33,2.427005126,0.845207566,6.460264092,0.694122659,0.171080179,0.674127387
HEG46,2017,33,2.264927573,0.806618128,5.171115518,0.647768533,0.209589032,0.597029096
HEG46,2018,33,2.54549694,0.884660157,8.670030838,0.728011278,0.276109953,0.608550203
HEG47,2018,33,2.65302914,0.886121578,8.781294824,0.758765452,0.266450932,0.619670646
HEG49,2018,33,2.900177331,0.927441348,13.78195389,0.829449752,0.313188596,0.614252751
HEG49,2019,33,3.045703021,0.939830568,16.6197347,0.871070051,0.354515969,0.585314599
HEG50,2020,33,1.616000103,0.659418283,2.936152908,0.462175492,0.133866837,0.525551446
SEG13,2017,33,2.722826618,0.909316949,11.02741897,0.778727507,0.244335428,0.664981521
SEG33,2019,33,2.142267375,0.77394388,4.423680287,0.612687757,0.210349779,0.563594101
AEG03,2019,34,2.544557824,0.873235703,7.888656508,0.721581871,0.25065675,0.622578952
AEG08,2020,34,1.502490627,0.546500154,2.205072411,0.426074026,0.113253253,0.433246901
AEG09,2019,34,1.751636399,0.676993717,3.095915006,0.496726409,0.166465471,0.510528245
AEG10,2017,34,2.505403682,0.878370318,8.221677316,0.710478598,0.206674538,0.67169578
AEG10,2019,34,1.920880875,0.756012139,4.098564552,0.544720502,0.157147745,0.598864394
AEG14,2020,34,2.727285173,0.916969353,12.04374577,0.773399417,0.28781924,0.629150114
AEG16,2017,34,2.662138717,0.882664242,8.522551137,0.754925283,0.241968987,0.640695255
AEG22,2019,34,1.565874163,0.558017216,2.262531563,0.444048234,0.148593109,0.409424106
AEG27,2020,34,2.268881941,0.819778769,5.548735822,0.64340612,0.172989767,0.646789002
AEG29,2018,34,2.834320892,0.921941573,12.8109166,0.803752444,0.270514238,0.651427335
AEG32,2017,34,2.567775744,0.89028777,9.114754098,0.728165973,0.201238598,0.689049172
AEG40,2016,34,2.92510406,0.916731698,12.0093719,0.829496598,0.264378573,0.652353126
AEG40,2017,34,2.953703095,0.929949179,14.27535019,0.83760667,0.259026499,0.67092268
AEG47,2018,34,2.436348127,0.85500651,6.89686137,0.690895928,0.207986449,0.647020061
HEG07,2016,34,2.633821404,0.875151893,8.009732962,0.746895102,0.243842134,0.631309759
HEG07,2018,34,2.598957887,0.874420286,7.963069564,0.737008559,0.263404444,0.611015841
HEG10,2020,34,1.683726056,0.706833276,3.411028328,0.477468496,0.124834492,0.581998784
HEG23,2017,34,3.143175506,0.945292113,18.2789001,0.89133697,0.299375995,0.645916118
HEG27,2017,34,2.422579483,0.834187061,6.030892429,0.686991437,0.178878619,0.655308442
HEG38,2017,34,3.138783872,0.948136274,19.28129867,0.890091597,0.277977528,0.670158745
HEG47,2020,34,1.942492567,0.782504587,4.597798108,0.550849113,0.201554226,0.580950361
HEG50,2016,34,2.684616609,0.891330284,9.202195745,0.76129953,0.213463051,0.677867233
HEG50,2018,34,2.846507629,0.894552115,9.483357589,0.807208341,0.22467147,0.669880645
SEG49,2017,34,2.89118906,0.932256709,14.76160942,0.819879034,0.23106964,0.701187069
AEG08,2016,35,2.430404173,0.814109444,5.37950943,0.683591066,0.200508936,0.613600508
AEG08,2017,35,2.018926801,0.715388048,3.513555891,0.567856301,0.182045575,0.533342473
AEG09,2016,35,1.679269752,0.565820586,2.303195333,0.472322181,0.131020525,0.434800061
AEG09,2017,35,2.033657661,0.740043934,3.846803871,0.571999598,0.173529838,0.566514096
AEG10,2020,35,1.586211209,0.690899534,3.23519409,0.446147939,0.132671787,0.558227747
AEG17,2020,35,2.701953677,0.879238138,8.280760007,0.759968822,0.232449007,0.646789131
AEG27,2016,35,3.006380276,0.933197394,14.96947591,0.8455938,0.221826664,0.711370731
AEG27,2019,35,2.399015586,0.85699922,6.992968862,0.674762511,0.185941802,0.671057418
AEG29,2019,35,2.279345469,0.833435611,6.003684256,0.641103327,0.25064253,0.582793081
AEG31,2016,35,3.061493427,0.93375,15.09433962,0.861095278,0.272339883,0.661410117
AEG32,2020,35,1.906872872,0.675451535,3.081203909,0.536339295,0.148573631,0.526877904
AEG34,2020,35,2.73226859,0.917433446,12.11144162,0.768495389,0.240776567,0.676656879
AEG40,2020,35,2.551508082,0.872557036,7.846647402,0.717653529,0.251849628,0.620707409
HEG15,2018,35,3.029433626,0.938392505,16.23179128,0.852077933,0.358887054,0.579505451
HEG29,2018,35,2.994116316,0.932216566,14.7528673,0.84214436,0.290641662,0.641574904
HEG36,2020,35,1.719797344,0.680037178,3.125363104,0.483721232,0.129820962,0.550216216
HEG38,2016,35,2.950774066,0.920757378,12.61947145,0.82995364,0.261315309,0.65944207
HEG44,2020,35,1.170397059,0.43608291,1.773310328,0.329193384,0.08894725,0.34713566
HEG45,2016,35,2.979028898,0.931928735,14.6904865,0.837900775,0.245912206,0.686016529
HEG48,2019,35,2.841960399,0.921432084,12.72784175,0.79934801,0.22493995,0.696492134
HEG49,2020,35,2.137570134,0.823119873,5.65354636,0.601226686,0.289605347,0.533514526
HEG50,2017,35,2.742994794,0.890724774,9.151205081,0.77151231,0.222159122,0.668565652
SEG50,2016,35,2.749597462,0.906977561,10.75009436,0.773369418,0.231414049,0.675563511
AEG03,2020,36,3.02923292,0.939928306,16.64677541,0.845323541,0.255749801,0.684178505
AEG17,2017,36,3.004977703,0.933978991,15.14669366,0.838554994,0.232719825,0.701259166
AEG25,2017,36,2.659305389,0.873521825,7.906502416,0.742093298,0.248045633,0.625476191
AEG25,2018,36,2.697140072,0.898374313,9.840031845,0.752651268,0.237836151,0.660538162
AEG25,2020,36,1.465434707,0.516207886,2.067003515,0.408937341,0.116277262,0.399930624
AEG27,2017,36,3.031366557,0.938470929,16.25247994,0.845918944,0.2217279,0.716743029
AEG33,2016,36,2.863415144,0.893872561,9.422633859,0.79905121,0.228385825,0.665486736
AEG43,2020,36,2.691921006,0.881371235,8.429658703,0.75119486,0.242652447,0.638718788
HEG08,2017,36,2.94937211,0.934726331,15.32011331,0.823037958,0.242532495,0.692193836
HEG08,2020,36,1.599303325,0.543216214,2.189219561,0.44629409,0.123520709,0.419695504
HEG25,2017,36,3.183028031,0.951249978,20.5128112,0.888240884,0.253102917,0.69814706
HEG31,2017,36,2.924268488,0.922889729,12.968441,0.816032659,0.267826997,0.655062732
HEG39,2019,36,2.696067463,0.906473304,10.69213435,0.752351951,0.278622306,0.627850998
HEG39,2020,36,2.30485263,0.843008219,6.369760206,0.643181373,0.236014432,0.606993787
AEG22,2018,37,2.299774058,0.805023388,5.128820266,0.636894583,0.219426678,0.585596709
AEG25,2016,37,2.766501054,0.892324961,9.287203536,0.766148974,0.256670992,0.635653969
AEG25,2019,37,2.617663276,0.898611485,9.863050035,0.724930153,0.210694858,0.687916627
AEG29,2017,37,2.466745478,0.848099996,6.583278305,0.683135296,0.243444999,0.604654997
AEG30,2016,37,2.906902913,0.915929679,11.89480414,0.805031569,0.245702332,0.670227347
AEG30,2017,37,2.802318237,0.914327262,11.67232448,0.776068109,0.235919204,0.678408058
AEG30,2018,37,2.899997411,0.915899679,11.89056108,0.803119174,0.232216664,0.683683016
AEG31,2020,37,2.275440531,0.829043523,5.849442028,0.630155707,0.258247655,0.570795868
HEG15,2019,37,2.621827047,0.849445105,6.642095583,0.726083259,0.262179867,0.587265239
HEG16,2017,37,3.067548459,0.93993938,16.64984476,0.849520408,0.256078071,0.683861309
HEG19,2018,37,3.057919352,0.941574182,17.11572092,0.846853743,0.307216427,0.634357755
HEG23,2019,37,2.79238195,0.918188263,12.22318498,0.773316375,0.250386686,0.667801577
HEG25,2020,37,1.15977278,0.444659126,1.800695837,0.321185031,0.096001867,0.348657259
HEG27,2018,37,2.813496607,0.908198029,10.89301234,0.779163824,0.2383428,0.669855229
HEG29,2020,37,1.968480495,0.720872866,3.58259688,0.545146842,0.176405902,0.544466964
HEG38,2020,37,2.003155931,0.807504056,5.194914659,0.554749784,0.25038009,0.557123966
HEG50,2019,37,2.357183331,0.830360346,5.894848145,0.652793386,0.196818739,0.633541607
SEG37,2017,37,2.53511089,0.876064361,8.068704097,0.70206827,0.226898891,0.64916547
AEG26,2016,38,3.018297337,0.928850949,14.05500132,0.82975281,0.212674498,0.716176451
HEG08,2019,38,2.746565315,0.901713202,10.17430645,0.755051618,0.235348325,0.666364877
HEG11,2018,38,3.052820439,0.937919939,16.10823163,0.839243472,0.247952921,0.689967019
HEG17,2016,38,2.989141666,0.931773245,14.65700654,0.821737695,0.230706162,0.701067083
HEG19,2020,38,2.586918897,0.886901858,8.841878215,0.711163608,0.210129068,0.676772789
HEG24,2019,38,2.829463701,0.919155012,12.36935062,0.777841012,0.235772027,0.683382985
HEG24,2020,38,1.940180946,0.762519959,4.210880196,0.533370444,0.167987771,0.594532188
HEG28,2016,38,3.117306443,0.930911624,14.47421487,0.856971163,0.229737227,0.701174396
HEG28,2020,38,2.216506453,0.815688819,5.425606819,0.60933442,0.193503805,0.622185014
HEG44,2017,38,2.964918629,0.928005642,13.88997739,0.815078599,0.248914252,0.67909139
AEG22,2016,39,2.327659233,0.791421358,4.794354732,0.635354188,0.213131689,0.578289669
AEG22,2017,39,2.655500504,0.867300836,7.535842489,0.724841223,0.22915661,0.638144226
AEG28,2018,39,1.975613588,0.747181065,3.955399934,0.539260364,0.171143703,0.576037361
AEG30,2020,39,2.668586164,0.866628669,7.497863248,0.728413064,0.2398973,0.62673137
AEG31,2017,39,2.714971084,0.889593063,9.057401914,0.741074219,0.266789048,0.622804016
AEG33,2020,39,1.826818504,0.71213639,3.473867366,0.498645493,0.169624516,0.542511874
HEG07,2019,39,2.489330884,0.855836202,6.93655423,0.679483826,0.278028665,0.577807537
HEG11,2019,39,2.973482289,0.931925792,14.6898513,0.811637029,0.255331836,0.676593955
HEG11,2020,39,1.964105761,0.749699051,3.9951906,0.536119206,0.174937621,0.574761429
HEG16,2018,39,3.100218968,0.938354407,16.22175967,0.846230872,0.245535443,0.692818964
HEG17,2017,39,3.108922962,0.941094184,16.97625253,0.848606701,0.255891889,0.685202295
HEG18,2020,39,1.827357995,0.703775718,3.375820491,0.498792752,0.163615328,0.54016039
HEG23,2018,39,3.030780289,0.928863226,14.05742689,0.827277,0.253176742,0.675686484
HEG25,2018,39,3.189334155,0.945323513,18.28939733,0.870555613,0.276926042,0.668397471
HEG29,2019,39,2.487973281,0.844345679,6.424492386,0.679113257,0.240537145,0.603808534
HEG38,2019,39,2.684516314,0.886312099,8.796010732,0.732761333,0.28291002,0.603402079
AEG22,2020,40,2.350835665,0.807805004,5.203049089,0.637276358,0.202665095,0.605139909
HEG10,2019,40,1.74360638,0.603713152,2.523424648,0.472665589,0.125922939,0.477790213
HEG19,2019,40,2.90164713,0.92126953,12.70156273,0.786593101,0.235135684,0.686133847
HEG28,2018,40,3.250529795,0.950102899,20.04124435,0.881169969,0.271620037,0.678482861
HEG31,2020,40,2.360099061,0.853784856,6.839236862,0.639787526,0.207630087,0.64615477
HEG38,2018,40,2.57855112,0.855326265,6.912104657,0.699006609,0.311524995,0.54380127
HEG44,2016,40,1.865668097,0.71614605,3.522938472,0.505754693,0.15559312,0.56055293
HEG44,2019,40,2.41044159,0.831238013,5.925505012,0.653434632,0.217305524,0.613932489
HEG45,2020,40,2.449393473,0.862671572,7.281813469,0.663993905,0.203725016,0.658946556
HEG47,2019,40,2.813864159,0.922439044,12.89308505,0.762796452,0.275819072,0.646619972
HEG16,2019,41,2.705196121,0.889564014,9.055019426,0.728461996,0.21422841,0.675335604
HEG23,2016,41,2.578139536,0.797688228,4.942866114,0.69424788,0.235640927,0.562047301
HEG27,2019,41,2.316763409,0.792406546,4.817107582,0.623863861,0.190577152,0.601829394
HEG31,2018,41,3.348200666,0.956094588,22.77623564,0.901611873,0.288217967,0.667876621
HEG45,2017,41,3.056676287,0.927639824,13.81975634,0.823109457,0.249426987,0.678212837
HEG46,2019,41,2.035016755,0.775453966,4.453429804,0.547994416,0.219527737,0.555926229
AEG28,2016,42,2.936047604,0.908838013,10.96948441,0.785528927,0.214558113,0.694279899
AEG28,2019,42,1.983851498,0.781062038,4.567503925,0.5307723,0.16422157,0.616840469
HEG20,2020,42,2.736690734,0.904242574,10.44305429,0.732191717,0.25056143,0.653681144
HEG25,2019,42,2.99462739,0.935270124,15.44881679,0.801201737,0.248454245,0.686815879
HEG28,2019,42,2.779882554,0.886838464,8.83692498,0.743747532,0.240940042,0.645898423
HEG42,2017,43,3.152894047,0.93186561,14.67687612,0.838268093,0.233227672,0.698637939
HEG42,2016,44,2.825120202,0.877490965,8.162663243,0.746558834,0.226006034,0.651484931
HEG44,2018,44,3.124115128,0.938175504,16.17481837,0.825570447,0.252708542,0.685466962
HEG17,2020,45,2.34218673,0.846077098,6.496758986,0.615286156,0.246815565,0.599261533
HEG18,2016,45,2.572967956,0.826241752,5.755122492,0.675911763,0.207146093,0.619095659
HEG20,2018,45,3.363386248,0.954161936,21.81592988,0.883552523,0.256388191,0.697773745
HEG31,2019,45,2.913858579,0.917110629,12.06427297,0.765462813,0.243466044,0.673644585
AEG28,2020,46,2.606357672,0.861166803,7.202888215,0.680752623,0.203316992,0.657849811
HEG17,2018,46,3.369061581,0.954108829,21.79068391,0.87996269,0.261713939,0.69239489
AEG28,2017,47,2.441629356,0.821701102,5.608559613,0.63416513,0.183598629,0.638102473
HEG20,2017,47,3.397656105,0.959417792,24.64134025,0.882474247,0.246572765,0.712845027
HEG45,2018,47,3.298976281,0.943001302,17.54426042,0.856844106,0.253768579,0.689232723
HEG45,2019,47,2.778772793,0.896211069,9.634938838,0.721731497,0.247153609,0.64905746
HEG20,2019,48,2.814162493,0.914354394,11.67602225,0.726948171,0.242907816,0.671446578
HEG17,2019,49,2.909547142,0.918840393,12.32140016,0.747605727,0.245078733,0.67376166
HEG18,2019,49,2.289203862,0.774469784,4.433995674,0.588209035,0.195700999,0.578768786
HEG20,2016,49,3.29211947,0.943073356,17.56646692,0.845907369,0.235130389,0.707942968
HEG41,2016,49,3.331655894,0.95153581,20.63379148,0.856066221,0.247115347,0.704420462
HEG41,2019,49,3.117163927,0.934233235,15.20524836,0.800952688,0.23954846,0.694684775
HEG41,2020,49,2.830471641,0.914329415,11.6726179,0.727287342,0.245818707,0.668510708
HEG09,2016,50,3.243625519,0.939529926,16.53710554,0.829142752,0.222799317,0.716730609
HEG42,2018,50,3.288035273,0.940853268,16.90710484,0.840494871,0.247790246,0.693063022
HEG42,2020,50,2.663547209,0.895225041,9.54426523,0.680861847,0.248152428,0.647072613
HEG43,2016,50,3.435533793,0.962119315,26.39867775,0.87819877,0.256326168,0.705793146
HEG18,2017,51,2.561247604,0.788618402,4.730780767,0.651414341,0.219047957,0.569570445
HEG41,2017,51,3.42112821,0.957120816,23.32133953,0.870111884,0.243525264,0.713595553
HEG09,2019,52,2.979722158,0.914411065,11.68375326,0.754122593,0.222100602,0.692310463
HEG18,2018,52,3.151170572,0.926235726,13.55669821,0.797513592,0.240072886,0.68616284
HEG43,2017,52,3.317584159,0.947226887,18.94904311,0.839630353,0.261487589,0.685739298
HEG43,2020,52,2.218162219,0.824172974,5.687407793,0.561383295,0.192306384,0.63186659
HEG09,2020,53,2.584667066,0.875070381,8.004506952,0.651001771,0.188114445,0.686955937
HEG42,2019,53,3.164561268,0.932956981,14.91579605,0.7970601,0.266696673,0.666260308
HEG41,2018,54,3.328745839,0.946602937,18.72762164,0.834484621,0.26021129,0.686391647
HEG09,2017,55,3.639289622,0.96939596,32.67542504,0.908157484,0.258403853,0.710992107
HEG43,2019,55,3.064479886,0.923038162,12.99345264,0.764718017,0.247946769,0.675091393
HEG09,2018,56,3.597610538,0.965819375,29.2563408,0.893738191,0.263284379,0.702534996
HEG43,2018,61,3.501111612,0.957596881,23.5831708,0.851670892,0.253703363,0.703893518
AEG16,2018,NA,NA,NA,NA,NA,NA,NA
AEG16,2019,NA,NA,NA,NA,NA,NA,NA
AEG19,2019,NA,NA,NA,NA,NA,NA,NA
AEG20,2018,NA,NA,NA,NA,NA,NA,NA
AEG42,2018,NA,NA,NA,NA,NA,NA,NA
AEG46,2018,NA,NA,NA,NA,NA,NA,NA
HEG04,2018,NA,NA,NA,NA,NA,NA,NA
HEG33,2018,NA,NA,NA,NA,NA,NA,NA
HEG36,2018,NA,NA,NA,NA,NA,NA,NA
